subject,action,trial,label,rgb_path,depth_path
1,10,1,9,data\utd_mhad\RGB-part2\a10_s1_t1_color.avi,data\utd_mhad\Depth\a10_s1_t1_depth.mat
1,10,2,9,data\utd_mhad\RGB-part2\a10_s1_t2_color.avi,data\utd_mhad\Depth\a10_s1_t2_depth.mat
1,10,3,9,data\utd_mhad\RGB-part2\a10_s1_t3_color.avi,data\utd_mhad\Depth\a10_s1_t3_depth.mat
1,10,4,9,data\utd_mhad\RGB-part2\a10_s1_t4_color.avi,data\utd_mhad\Depth\a10_s1_t4_depth.mat
2,10,1,9,data\utd_mhad\RGB-part2\a10_s2_t1_color.avi,data\utd_mhad\Depth\a10_s2_t1_depth.mat
2,10,2,9,data\utd_mhad\RGB-part2\a10_s2_t2_color.avi,data\utd_mhad\Depth\a10_s2_t2_depth.mat
2,10,3,9,data\utd_mhad\RGB-part2\a10_s2_t3_color.avi,data\utd_mhad\Depth\a10_s2_t3_depth.mat
2,10,4,9,data\utd_mhad\RGB-part2\a10_s2_t4_color.avi,data\utd_mhad\Depth\a10_s2_t4_depth.mat
3,10,1,9,data\utd_mhad\RGB-part2\a10_s3_t1_color.avi,data\utd_mhad\Depth\a10_s3_t1_depth.mat
3,10,2,9,data\utd_mhad\RGB-part2\a10_s3_t2_color.avi,data\utd_mhad\Depth\a10_s3_t2_depth.mat
3,10,3,9,data\utd_mhad\RGB-part2\a10_s3_t3_color.avi,data\utd_mhad\Depth\a10_s3_t3_depth.mat
3,10,4,9,data\utd_mhad\RGB-part2\a10_s3_t4_color.avi,data\utd_mhad\Depth\a10_s3_t4_depth.mat
4,10,1,9,data\utd_mhad\RGB-part2\a10_s4_t1_color.avi,data\utd_mhad\Depth\a10_s4_t1_depth.mat
4,10,2,9,data\utd_mhad\RGB-part2\a10_s4_t2_color.avi,data\utd_mhad\Depth\a10_s4_t2_depth.mat
4,10,3,9,data\utd_mhad\RGB-part2\a10_s4_t3_color.avi,data\utd_mhad\Depth\a10_s4_t3_depth.mat
4,10,4,9,data\utd_mhad\RGB-part2\a10_s4_t4_color.avi,data\utd_mhad\Depth\a10_s4_t4_depth.mat
5,10,1,9,data\utd_mhad\RGB-part2\a10_s5_t1_color.avi,data\utd_mhad\Depth\a10_s5_t1_depth.mat
5,10,2,9,data\utd_mhad\RGB-part2\a10_s5_t2_color.avi,data\utd_mhad\Depth\a10_s5_t2_depth.mat
5,10,3,9,data\utd_mhad\RGB-part2\a10_s5_t3_color.avi,data\utd_mhad\Depth\a10_s5_t3_depth.mat
5,10,4,9,data\utd_mhad\RGB-part2\a10_s5_t4_color.avi,data\utd_mhad\Depth\a10_s5_t4_depth.mat
6,10,1,9,data\utd_mhad\RGB-part2\a10_s6_t1_color.avi,data\utd_mhad\Depth\a10_s6_t1_depth.mat
6,10,2,9,data\utd_mhad\RGB-part2\a10_s6_t2_color.avi,data\utd_mhad\Depth\a10_s6_t2_depth.mat
6,10,3,9,data\utd_mhad\RGB-part2\a10_s6_t3_color.avi,data\utd_mhad\Depth\a10_s6_t3_depth.mat
6,10,4,9,data\utd_mhad\RGB-part2\a10_s6_t4_color.avi,data\utd_mhad\Depth\a10_s6_t4_depth.mat
7,10,1,9,data\utd_mhad\RGB-part2\a10_s7_t1_color.avi,data\utd_mhad\Depth\a10_s7_t1_depth.mat
7,10,2,9,data\utd_mhad\RGB-part2\a10_s7_t2_color.avi,data\utd_mhad\Depth\a10_s7_t2_depth.mat
7,10,3,9,data\utd_mhad\RGB-part2\a10_s7_t3_color.avi,data\utd_mhad\Depth\a10_s7_t3_depth.mat
7,10,4,9,data\utd_mhad\RGB-part2\a10_s7_t4_color.avi,data\utd_mhad\Depth\a10_s7_t4_depth.mat
8,10,1,9,data\utd_mhad\RGB-part2\a10_s8_t1_color.avi,data\utd_mhad\Depth\a10_s8_t1_depth.mat
8,10,2,9,data\utd_mhad\RGB-part2\a10_s8_t2_color.avi,data\utd_mhad\Depth\a10_s8_t2_depth.mat
8,10,3,9,data\utd_mhad\RGB-part2\a10_s8_t3_color.avi,data\utd_mhad\Depth\a10_s8_t3_depth.mat
8,10,4,9,data\utd_mhad\RGB-part2\a10_s8_t4_color.avi,data\utd_mhad\Depth\a10_s8_t4_depth.mat
1,11,1,10,data\utd_mhad\RGB-part2\a11_s1_t1_color.avi,data\utd_mhad\Depth\a11_s1_t1_depth.mat
1,11,2,10,data\utd_mhad\RGB-part2\a11_s1_t2_color.avi,data\utd_mhad\Depth\a11_s1_t2_depth.mat
1,11,3,10,data\utd_mhad\RGB-part2\a11_s1_t3_color.avi,data\utd_mhad\Depth\a11_s1_t3_depth.mat
1,11,4,10,data\utd_mhad\RGB-part2\a11_s1_t4_color.avi,data\utd_mhad\Depth\a11_s1_t4_depth.mat
2,11,1,10,data\utd_mhad\RGB-part2\a11_s2_t1_color.avi,data\utd_mhad\Depth\a11_s2_t1_depth.mat
2,11,2,10,data\utd_mhad\RGB-part2\a11_s2_t2_color.avi,data\utd_mhad\Depth\a11_s2_t2_depth.mat
2,11,3,10,data\utd_mhad\RGB-part2\a11_s2_t3_color.avi,data\utd_mhad\Depth\a11_s2_t3_depth.mat
2,11,4,10,data\utd_mhad\RGB-part2\a11_s2_t4_color.avi,data\utd_mhad\Depth\a11_s2_t4_depth.mat
3,11,1,10,data\utd_mhad\RGB-part2\a11_s3_t1_color.avi,data\utd_mhad\Depth\a11_s3_t1_depth.mat
3,11,2,10,data\utd_mhad\RGB-part2\a11_s3_t2_color.avi,data\utd_mhad\Depth\a11_s3_t2_depth.mat
3,11,3,10,data\utd_mhad\RGB-part2\a11_s3_t3_color.avi,data\utd_mhad\Depth\a11_s3_t3_depth.mat
3,11,4,10,data\utd_mhad\RGB-part2\a11_s3_t4_color.avi,data\utd_mhad\Depth\a11_s3_t4_depth.mat
4,11,1,10,data\utd_mhad\RGB-part2\a11_s4_t1_color.avi,data\utd_mhad\Depth\a11_s4_t1_depth.mat
4,11,2,10,data\utd_mhad\RGB-part2\a11_s4_t2_color.avi,data\utd_mhad\Depth\a11_s4_t2_depth.mat
4,11,3,10,data\utd_mhad\RGB-part2\a11_s4_t3_color.avi,data\utd_mhad\Depth\a11_s4_t3_depth.mat
4,11,4,10,data\utd_mhad\RGB-part2\a11_s4_t4_color.avi,data\utd_mhad\Depth\a11_s4_t4_depth.mat
5,11,1,10,data\utd_mhad\RGB-part2\a11_s5_t1_color.avi,data\utd_mhad\Depth\a11_s5_t1_depth.mat
5,11,2,10,data\utd_mhad\RGB-part2\a11_s5_t2_color.avi,data\utd_mhad\Depth\a11_s5_t2_depth.mat
5,11,3,10,data\utd_mhad\RGB-part2\a11_s5_t3_color.avi,data\utd_mhad\Depth\a11_s5_t3_depth.mat
5,11,4,10,data\utd_mhad\RGB-part2\a11_s5_t4_color.avi,data\utd_mhad\Depth\a11_s5_t4_depth.mat
6,11,1,10,data\utd_mhad\RGB-part2\a11_s6_t1_color.avi,data\utd_mhad\Depth\a11_s6_t1_depth.mat
6,11,2,10,data\utd_mhad\RGB-part2\a11_s6_t2_color.avi,data\utd_mhad\Depth\a11_s6_t2_depth.mat
6,11,3,10,data\utd_mhad\RGB-part2\a11_s6_t3_color.avi,data\utd_mhad\Depth\a11_s6_t3_depth.mat
6,11,4,10,data\utd_mhad\RGB-part2\a11_s6_t4_color.avi,data\utd_mhad\Depth\a11_s6_t4_depth.mat
7,11,1,10,data\utd_mhad\RGB-part2\a11_s7_t1_color.avi,data\utd_mhad\Depth\a11_s7_t1_depth.mat
7,11,2,10,data\utd_mhad\RGB-part2\a11_s7_t2_color.avi,data\utd_mhad\Depth\a11_s7_t2_depth.mat
7,11,3,10,data\utd_mhad\RGB-part2\a11_s7_t3_color.avi,data\utd_mhad\Depth\a11_s7_t3_depth.mat
7,11,4,10,data\utd_mhad\RGB-part2\a11_s7_t4_color.avi,data\utd_mhad\Depth\a11_s7_t4_depth.mat
8,11,1,10,data\utd_mhad\RGB-part2\a11_s8_t1_color.avi,data\utd_mhad\Depth\a11_s8_t1_depth.mat
8,11,2,10,data\utd_mhad\RGB-part2\a11_s8_t2_color.avi,data\utd_mhad\Depth\a11_s8_t2_depth.mat
8,11,3,10,data\utd_mhad\RGB-part2\a11_s8_t3_color.avi,data\utd_mhad\Depth\a11_s8_t3_depth.mat
8,11,4,10,data\utd_mhad\RGB-part2\a11_s8_t4_color.avi,data\utd_mhad\Depth\a11_s8_t4_depth.mat
1,12,1,11,data\utd_mhad\RGB-part2\a12_s1_t1_color.avi,data\utd_mhad\Depth\a12_s1_t1_depth.mat
1,12,2,11,data\utd_mhad\RGB-part2\a12_s1_t2_color.avi,data\utd_mhad\Depth\a12_s1_t2_depth.mat
1,12,3,11,data\utd_mhad\RGB-part2\a12_s1_t3_color.avi,data\utd_mhad\Depth\a12_s1_t3_depth.mat
1,12,4,11,data\utd_mhad\RGB-part2\a12_s1_t4_color.avi,data\utd_mhad\Depth\a12_s1_t4_depth.mat
2,12,1,11,data\utd_mhad\RGB-part2\a12_s2_t1_color.avi,data\utd_mhad\Depth\a12_s2_t1_depth.mat
2,12,2,11,data\utd_mhad\RGB-part2\a12_s2_t2_color.avi,data\utd_mhad\Depth\a12_s2_t2_depth.mat
2,12,3,11,data\utd_mhad\RGB-part2\a12_s2_t3_color.avi,data\utd_mhad\Depth\a12_s2_t3_depth.mat
2,12,4,11,data\utd_mhad\RGB-part2\a12_s2_t4_color.avi,data\utd_mhad\Depth\a12_s2_t4_depth.mat
3,12,1,11,data\utd_mhad\RGB-part2\a12_s3_t1_color.avi,data\utd_mhad\Depth\a12_s3_t1_depth.mat
3,12,2,11,data\utd_mhad\RGB-part2\a12_s3_t2_color.avi,data\utd_mhad\Depth\a12_s3_t2_depth.mat
3,12,3,11,data\utd_mhad\RGB-part2\a12_s3_t3_color.avi,data\utd_mhad\Depth\a12_s3_t3_depth.mat
3,12,4,11,data\utd_mhad\RGB-part2\a12_s3_t4_color.avi,data\utd_mhad\Depth\a12_s3_t4_depth.mat
4,12,1,11,data\utd_mhad\RGB-part2\a12_s4_t1_color.avi,data\utd_mhad\Depth\a12_s4_t1_depth.mat
4,12,2,11,data\utd_mhad\RGB-part2\a12_s4_t2_color.avi,data\utd_mhad\Depth\a12_s4_t2_depth.mat
4,12,3,11,data\utd_mhad\RGB-part2\a12_s4_t3_color.avi,data\utd_mhad\Depth\a12_s4_t3_depth.mat
4,12,4,11,data\utd_mhad\RGB-part2\a12_s4_t4_color.avi,data\utd_mhad\Depth\a12_s4_t4_depth.mat
5,12,1,11,data\utd_mhad\RGB-part2\a12_s5_t1_color.avi,data\utd_mhad\Depth\a12_s5_t1_depth.mat
5,12,2,11,data\utd_mhad\RGB-part2\a12_s5_t2_color.avi,data\utd_mhad\Depth\a12_s5_t2_depth.mat
5,12,3,11,data\utd_mhad\RGB-part2\a12_s5_t3_color.avi,data\utd_mhad\Depth\a12_s5_t3_depth.mat
5,12,4,11,data\utd_mhad\RGB-part2\a12_s5_t4_color.avi,data\utd_mhad\Depth\a12_s5_t4_depth.mat
6,12,1,11,data\utd_mhad\RGB-part2\a12_s6_t1_color.avi,data\utd_mhad\Depth\a12_s6_t1_depth.mat
6,12,2,11,data\utd_mhad\RGB-part2\a12_s6_t2_color.avi,data\utd_mhad\Depth\a12_s6_t2_depth.mat
6,12,3,11,data\utd_mhad\RGB-part2\a12_s6_t3_color.avi,data\utd_mhad\Depth\a12_s6_t3_depth.mat
6,12,4,11,data\utd_mhad\RGB-part2\a12_s6_t4_color.avi,data\utd_mhad\Depth\a12_s6_t4_depth.mat
7,12,1,11,data\utd_mhad\RGB-part2\a12_s7_t1_color.avi,data\utd_mhad\Depth\a12_s7_t1_depth.mat
7,12,2,11,data\utd_mhad\RGB-part2\a12_s7_t2_color.avi,data\utd_mhad\Depth\a12_s7_t2_depth.mat
7,12,3,11,data\utd_mhad\RGB-part2\a12_s7_t3_color.avi,data\utd_mhad\Depth\a12_s7_t3_depth.mat
7,12,4,11,data\utd_mhad\RGB-part2\a12_s7_t4_color.avi,data\utd_mhad\Depth\a12_s7_t4_depth.mat
8,12,1,11,data\utd_mhad\RGB-part2\a12_s8_t1_color.avi,data\utd_mhad\Depth\a12_s8_t1_depth.mat
8,12,2,11,data\utd_mhad\RGB-part2\a12_s8_t2_color.avi,data\utd_mhad\Depth\a12_s8_t2_depth.mat
8,12,3,11,data\utd_mhad\RGB-part2\a12_s8_t3_color.avi,data\utd_mhad\Depth\a12_s8_t3_depth.mat
8,12,4,11,data\utd_mhad\RGB-part2\a12_s8_t4_color.avi,data\utd_mhad\Depth\a12_s8_t4_depth.mat
1,13,1,12,data\utd_mhad\RGB-part2\a13_s1_t1_color.avi,data\utd_mhad\Depth\a13_s1_t1_depth.mat
1,13,2,12,data\utd_mhad\RGB-part2\a13_s1_t2_color.avi,data\utd_mhad\Depth\a13_s1_t2_depth.mat
1,13,3,12,data\utd_mhad\RGB-part2\a13_s1_t3_color.avi,data\utd_mhad\Depth\a13_s1_t3_depth.mat
1,13,4,12,data\utd_mhad\RGB-part2\a13_s1_t4_color.avi,data\utd_mhad\Depth\a13_s1_t4_depth.mat
2,13,1,12,data\utd_mhad\RGB-part2\a13_s2_t1_color.avi,data\utd_mhad\Depth\a13_s2_t1_depth.mat
2,13,2,12,data\utd_mhad\RGB-part2\a13_s2_t2_color.avi,data\utd_mhad\Depth\a13_s2_t2_depth.mat
2,13,3,12,data\utd_mhad\RGB-part2\a13_s2_t3_color.avi,data\utd_mhad\Depth\a13_s2_t3_depth.mat
2,13,4,12,data\utd_mhad\RGB-part2\a13_s2_t4_color.avi,data\utd_mhad\Depth\a13_s2_t4_depth.mat
3,13,1,12,data\utd_mhad\RGB-part2\a13_s3_t1_color.avi,data\utd_mhad\Depth\a13_s3_t1_depth.mat
3,13,2,12,data\utd_mhad\RGB-part2\a13_s3_t2_color.avi,data\utd_mhad\Depth\a13_s3_t2_depth.mat
3,13,3,12,data\utd_mhad\RGB-part2\a13_s3_t3_color.avi,data\utd_mhad\Depth\a13_s3_t3_depth.mat
3,13,4,12,data\utd_mhad\RGB-part2\a13_s3_t4_color.avi,data\utd_mhad\Depth\a13_s3_t4_depth.mat
4,13,1,12,data\utd_mhad\RGB-part2\a13_s4_t1_color.avi,data\utd_mhad\Depth\a13_s4_t1_depth.mat
4,13,2,12,data\utd_mhad\RGB-part2\a13_s4_t2_color.avi,data\utd_mhad\Depth\a13_s4_t2_depth.mat
4,13,3,12,data\utd_mhad\RGB-part2\a13_s4_t3_color.avi,data\utd_mhad\Depth\a13_s4_t3_depth.mat
4,13,4,12,data\utd_mhad\RGB-part2\a13_s4_t4_color.avi,data\utd_mhad\Depth\a13_s4_t4_depth.mat
5,13,1,12,data\utd_mhad\RGB-part2\a13_s5_t1_color.avi,data\utd_mhad\Depth\a13_s5_t1_depth.mat
5,13,2,12,data\utd_mhad\RGB-part2\a13_s5_t2_color.avi,data\utd_mhad\Depth\a13_s5_t2_depth.mat
5,13,3,12,data\utd_mhad\RGB-part2\a13_s5_t3_color.avi,data\utd_mhad\Depth\a13_s5_t3_depth.mat
5,13,4,12,data\utd_mhad\RGB-part2\a13_s5_t4_color.avi,data\utd_mhad\Depth\a13_s5_t4_depth.mat
6,13,1,12,data\utd_mhad\RGB-part2\a13_s6_t1_color.avi,data\utd_mhad\Depth\a13_s6_t1_depth.mat
6,13,2,12,data\utd_mhad\RGB-part2\a13_s6_t2_color.avi,data\utd_mhad\Depth\a13_s6_t2_depth.mat
6,13,3,12,data\utd_mhad\RGB-part2\a13_s6_t3_color.avi,data\utd_mhad\Depth\a13_s6_t3_depth.mat
6,13,4,12,data\utd_mhad\RGB-part2\a13_s6_t4_color.avi,data\utd_mhad\Depth\a13_s6_t4_depth.mat
7,13,1,12,data\utd_mhad\RGB-part2\a13_s7_t1_color.avi,data\utd_mhad\Depth\a13_s7_t1_depth.mat
7,13,2,12,data\utd_mhad\RGB-part2\a13_s7_t2_color.avi,data\utd_mhad\Depth\a13_s7_t2_depth.mat
7,13,3,12,data\utd_mhad\RGB-part2\a13_s7_t3_color.avi,data\utd_mhad\Depth\a13_s7_t3_depth.mat
7,13,4,12,data\utd_mhad\RGB-part2\a13_s7_t4_color.avi,data\utd_mhad\Depth\a13_s7_t4_depth.mat
8,13,1,12,data\utd_mhad\RGB-part2\a13_s8_t1_color.avi,data\utd_mhad\Depth\a13_s8_t1_depth.mat
8,13,2,12,data\utd_mhad\RGB-part2\a13_s8_t2_color.avi,data\utd_mhad\Depth\a13_s8_t2_depth.mat
8,13,3,12,data\utd_mhad\RGB-part2\a13_s8_t3_color.avi,data\utd_mhad\Depth\a13_s8_t3_depth.mat
8,13,4,12,data\utd_mhad\RGB-part2\a13_s8_t4_color.avi,data\utd_mhad\Depth\a13_s8_t4_depth.mat
1,14,1,13,data\utd_mhad\RGB-part3\a14_s1_t1_color.avi,data\utd_mhad\Depth\a14_s1_t1_depth.mat
1,14,2,13,data\utd_mhad\RGB-part3\a14_s1_t2_color.avi,data\utd_mhad\Depth\a14_s1_t2_depth.mat
1,14,3,13,data\utd_mhad\RGB-part3\a14_s1_t3_color.avi,data\utd_mhad\Depth\a14_s1_t3_depth.mat
1,14,4,13,data\utd_mhad\RGB-part3\a14_s1_t4_color.avi,data\utd_mhad\Depth\a14_s1_t4_depth.mat
2,14,1,13,data\utd_mhad\RGB-part3\a14_s2_t1_color.avi,data\utd_mhad\Depth\a14_s2_t1_depth.mat
2,14,2,13,data\utd_mhad\RGB-part3\a14_s2_t2_color.avi,data\utd_mhad\Depth\a14_s2_t2_depth.mat
2,14,3,13,data\utd_mhad\RGB-part3\a14_s2_t3_color.avi,data\utd_mhad\Depth\a14_s2_t3_depth.mat
2,14,4,13,data\utd_mhad\RGB-part3\a14_s2_t4_color.avi,data\utd_mhad\Depth\a14_s2_t4_depth.mat
3,14,1,13,data\utd_mhad\RGB-part3\a14_s3_t1_color.avi,data\utd_mhad\Depth\a14_s3_t1_depth.mat
3,14,2,13,data\utd_mhad\RGB-part3\a14_s3_t2_color.avi,data\utd_mhad\Depth\a14_s3_t2_depth.mat
3,14,3,13,data\utd_mhad\RGB-part3\a14_s3_t3_color.avi,data\utd_mhad\Depth\a14_s3_t3_depth.mat
3,14,4,13,data\utd_mhad\RGB-part3\a14_s3_t4_color.avi,data\utd_mhad\Depth\a14_s3_t4_depth.mat
4,14,1,13,data\utd_mhad\RGB-part3\a14_s4_t1_color.avi,data\utd_mhad\Depth\a14_s4_t1_depth.mat
4,14,2,13,data\utd_mhad\RGB-part3\a14_s4_t2_color.avi,data\utd_mhad\Depth\a14_s4_t2_depth.mat
4,14,3,13,data\utd_mhad\RGB-part3\a14_s4_t3_color.avi,data\utd_mhad\Depth\a14_s4_t3_depth.mat
4,14,4,13,data\utd_mhad\RGB-part3\a14_s4_t4_color.avi,data\utd_mhad\Depth\a14_s4_t4_depth.mat
5,14,1,13,data\utd_mhad\RGB-part3\a14_s5_t1_color.avi,data\utd_mhad\Depth\a14_s5_t1_depth.mat
5,14,2,13,data\utd_mhad\RGB-part3\a14_s5_t2_color.avi,data\utd_mhad\Depth\a14_s5_t2_depth.mat
5,14,3,13,data\utd_mhad\RGB-part3\a14_s5_t3_color.avi,data\utd_mhad\Depth\a14_s5_t3_depth.mat
5,14,4,13,data\utd_mhad\RGB-part3\a14_s5_t4_color.avi,data\utd_mhad\Depth\a14_s5_t4_depth.mat
6,14,1,13,data\utd_mhad\RGB-part3\a14_s6_t1_color.avi,data\utd_mhad\Depth\a14_s6_t1_depth.mat
6,14,2,13,data\utd_mhad\RGB-part3\a14_s6_t2_color.avi,data\utd_mhad\Depth\a14_s6_t2_depth.mat
6,14,3,13,data\utd_mhad\RGB-part3\a14_s6_t3_color.avi,data\utd_mhad\Depth\a14_s6_t3_depth.mat
6,14,4,13,data\utd_mhad\RGB-part3\a14_s6_t4_color.avi,data\utd_mhad\Depth\a14_s6_t4_depth.mat
7,14,1,13,data\utd_mhad\RGB-part3\a14_s7_t1_color.avi,data\utd_mhad\Depth\a14_s7_t1_depth.mat
7,14,2,13,data\utd_mhad\RGB-part3\a14_s7_t2_color.avi,data\utd_mhad\Depth\a14_s7_t2_depth.mat
7,14,3,13,data\utd_mhad\RGB-part3\a14_s7_t3_color.avi,data\utd_mhad\Depth\a14_s7_t3_depth.mat
7,14,4,13,data\utd_mhad\RGB-part3\a14_s7_t4_color.avi,data\utd_mhad\Depth\a14_s7_t4_depth.mat
8,14,1,13,data\utd_mhad\RGB-part3\a14_s8_t1_color.avi,data\utd_mhad\Depth\a14_s8_t1_depth.mat
8,14,2,13,data\utd_mhad\RGB-part3\a14_s8_t2_color.avi,data\utd_mhad\Depth\a14_s8_t2_depth.mat
8,14,3,13,data\utd_mhad\RGB-part3\a14_s8_t3_color.avi,data\utd_mhad\Depth\a14_s8_t3_depth.mat
8,14,4,13,data\utd_mhad\RGB-part3\a14_s8_t4_color.avi,data\utd_mhad\Depth\a14_s8_t4_depth.mat
1,15,1,14,data\utd_mhad\RGB-part3\a15_s1_t1_color.avi,data\utd_mhad\Depth\a15_s1_t1_depth.mat
1,15,2,14,data\utd_mhad\RGB-part3\a15_s1_t2_color.avi,data\utd_mhad\Depth\a15_s1_t2_depth.mat
1,15,3,14,data\utd_mhad\RGB-part3\a15_s1_t3_color.avi,data\utd_mhad\Depth\a15_s1_t3_depth.mat
1,15,4,14,data\utd_mhad\RGB-part3\a15_s1_t4_color.avi,data\utd_mhad\Depth\a15_s1_t4_depth.mat
2,15,1,14,data\utd_mhad\RGB-part3\a15_s2_t1_color.avi,data\utd_mhad\Depth\a15_s2_t1_depth.mat
2,15,2,14,data\utd_mhad\RGB-part3\a15_s2_t2_color.avi,data\utd_mhad\Depth\a15_s2_t2_depth.mat
2,15,3,14,data\utd_mhad\RGB-part3\a15_s2_t3_color.avi,data\utd_mhad\Depth\a15_s2_t3_depth.mat
2,15,4,14,data\utd_mhad\RGB-part3\a15_s2_t4_color.avi,data\utd_mhad\Depth\a15_s2_t4_depth.mat
3,15,1,14,data\utd_mhad\RGB-part3\a15_s3_t1_color.avi,data\utd_mhad\Depth\a15_s3_t1_depth.mat
3,15,2,14,data\utd_mhad\RGB-part3\a15_s3_t2_color.avi,data\utd_mhad\Depth\a15_s3_t2_depth.mat
3,15,3,14,data\utd_mhad\RGB-part3\a15_s3_t3_color.avi,data\utd_mhad\Depth\a15_s3_t3_depth.mat
3,15,4,14,data\utd_mhad\RGB-part3\a15_s3_t4_color.avi,data\utd_mhad\Depth\a15_s3_t4_depth.mat
4,15,1,14,data\utd_mhad\RGB-part3\a15_s4_t1_color.avi,data\utd_mhad\Depth\a15_s4_t1_depth.mat
4,15,2,14,data\utd_mhad\RGB-part3\a15_s4_t2_color.avi,data\utd_mhad\Depth\a15_s4_t2_depth.mat
4,15,3,14,data\utd_mhad\RGB-part3\a15_s4_t3_color.avi,data\utd_mhad\Depth\a15_s4_t3_depth.mat
4,15,4,14,data\utd_mhad\RGB-part3\a15_s4_t4_color.avi,data\utd_mhad\Depth\a15_s4_t4_depth.mat
5,15,1,14,data\utd_mhad\RGB-part3\a15_s5_t1_color.avi,data\utd_mhad\Depth\a15_s5_t1_depth.mat
5,15,2,14,data\utd_mhad\RGB-part3\a15_s5_t2_color.avi,data\utd_mhad\Depth\a15_s5_t2_depth.mat
5,15,3,14,data\utd_mhad\RGB-part3\a15_s5_t3_color.avi,data\utd_mhad\Depth\a15_s5_t3_depth.mat
5,15,4,14,data\utd_mhad\RGB-part3\a15_s5_t4_color.avi,data\utd_mhad\Depth\a15_s5_t4_depth.mat
6,15,1,14,data\utd_mhad\RGB-part3\a15_s6_t1_color.avi,data\utd_mhad\Depth\a15_s6_t1_depth.mat
6,15,2,14,data\utd_mhad\RGB-part3\a15_s6_t2_color.avi,data\utd_mhad\Depth\a15_s6_t2_depth.mat
6,15,3,14,data\utd_mhad\RGB-part3\a15_s6_t3_color.avi,data\utd_mhad\Depth\a15_s6_t3_depth.mat
6,15,4,14,data\utd_mhad\RGB-part3\a15_s6_t4_color.avi,data\utd_mhad\Depth\a15_s6_t4_depth.mat
7,15,1,14,data\utd_mhad\RGB-part3\a15_s7_t1_color.avi,data\utd_mhad\Depth\a15_s7_t1_depth.mat
7,15,2,14,data\utd_mhad\RGB-part3\a15_s7_t2_color.avi,data\utd_mhad\Depth\a15_s7_t2_depth.mat
7,15,3,14,data\utd_mhad\RGB-part3\a15_s7_t3_color.avi,data\utd_mhad\Depth\a15_s7_t3_depth.mat
7,15,4,14,data\utd_mhad\RGB-part3\a15_s7_t4_color.avi,data\utd_mhad\Depth\a15_s7_t4_depth.mat
8,15,1,14,data\utd_mhad\RGB-part3\a15_s8_t1_color.avi,data\utd_mhad\Depth\a15_s8_t1_depth.mat
8,15,2,14,data\utd_mhad\RGB-part3\a15_s8_t2_color.avi,data\utd_mhad\Depth\a15_s8_t2_depth.mat
8,15,3,14,data\utd_mhad\RGB-part3\a15_s8_t3_color.avi,data\utd_mhad\Depth\a15_s8_t3_depth.mat
8,15,4,14,data\utd_mhad\RGB-part3\a15_s8_t4_color.avi,data\utd_mhad\Depth\a15_s8_t4_depth.mat
1,16,1,15,data\utd_mhad\RGB-part3\a16_s1_t1_color.avi,data\utd_mhad\Depth\a16_s1_t1_depth.mat
1,16,2,15,data\utd_mhad\RGB-part3\a16_s1_t2_color.avi,data\utd_mhad\Depth\a16_s1_t2_depth.mat
1,16,3,15,data\utd_mhad\RGB-part3\a16_s1_t3_color.avi,data\utd_mhad\Depth\a16_s1_t3_depth.mat
1,16,4,15,data\utd_mhad\RGB-part3\a16_s1_t4_color.avi,data\utd_mhad\Depth\a16_s1_t4_depth.mat
2,16,1,15,data\utd_mhad\RGB-part3\a16_s2_t1_color.avi,data\utd_mhad\Depth\a16_s2_t1_depth.mat
2,16,2,15,data\utd_mhad\RGB-part3\a16_s2_t2_color.avi,data\utd_mhad\Depth\a16_s2_t2_depth.mat
2,16,3,15,data\utd_mhad\RGB-part3\a16_s2_t3_color.avi,data\utd_mhad\Depth\a16_s2_t3_depth.mat
2,16,4,15,data\utd_mhad\RGB-part3\a16_s2_t4_color.avi,data\utd_mhad\Depth\a16_s2_t4_depth.mat
3,16,1,15,data\utd_mhad\RGB-part3\a16_s3_t1_color.avi,data\utd_mhad\Depth\a16_s3_t1_depth.mat
3,16,2,15,data\utd_mhad\RGB-part3\a16_s3_t2_color.avi,data\utd_mhad\Depth\a16_s3_t2_depth.mat
3,16,3,15,data\utd_mhad\RGB-part3\a16_s3_t3_color.avi,data\utd_mhad\Depth\a16_s3_t3_depth.mat
3,16,4,15,data\utd_mhad\RGB-part3\a16_s3_t4_color.avi,data\utd_mhad\Depth\a16_s3_t4_depth.mat
4,16,1,15,data\utd_mhad\RGB-part3\a16_s4_t1_color.avi,data\utd_mhad\Depth\a16_s4_t1_depth.mat
4,16,2,15,data\utd_mhad\RGB-part3\a16_s4_t2_color.avi,data\utd_mhad\Depth\a16_s4_t2_depth.mat
4,16,3,15,data\utd_mhad\RGB-part3\a16_s4_t3_color.avi,data\utd_mhad\Depth\a16_s4_t3_depth.mat
4,16,4,15,data\utd_mhad\RGB-part3\a16_s4_t4_color.avi,data\utd_mhad\Depth\a16_s4_t4_depth.mat
5,16,1,15,data\utd_mhad\RGB-part3\a16_s5_t1_color.avi,data\utd_mhad\Depth\a16_s5_t1_depth.mat
5,16,2,15,data\utd_mhad\RGB-part3\a16_s5_t2_color.avi,data\utd_mhad\Depth\a16_s5_t2_depth.mat
5,16,3,15,data\utd_mhad\RGB-part3\a16_s5_t3_color.avi,data\utd_mhad\Depth\a16_s5_t3_depth.mat
5,16,4,15,data\utd_mhad\RGB-part3\a16_s5_t4_color.avi,data\utd_mhad\Depth\a16_s5_t4_depth.mat
6,16,1,15,data\utd_mhad\RGB-part3\a16_s6_t1_color.avi,data\utd_mhad\Depth\a16_s6_t1_depth.mat
6,16,2,15,data\utd_mhad\RGB-part3\a16_s6_t2_color.avi,data\utd_mhad\Depth\a16_s6_t2_depth.mat
6,16,3,15,data\utd_mhad\RGB-part3\a16_s6_t3_color.avi,data\utd_mhad\Depth\a16_s6_t3_depth.mat
6,16,4,15,data\utd_mhad\RGB-part3\a16_s6_t4_color.avi,data\utd_mhad\Depth\a16_s6_t4_depth.mat
7,16,1,15,data\utd_mhad\RGB-part3\a16_s7_t1_color.avi,data\utd_mhad\Depth\a16_s7_t1_depth.mat
7,16,2,15,data\utd_mhad\RGB-part3\a16_s7_t2_color.avi,data\utd_mhad\Depth\a16_s7_t2_depth.mat
7,16,3,15,data\utd_mhad\RGB-part3\a16_s7_t3_color.avi,data\utd_mhad\Depth\a16_s7_t3_depth.mat
7,16,4,15,data\utd_mhad\RGB-part3\a16_s7_t4_color.avi,data\utd_mhad\Depth\a16_s7_t4_depth.mat
8,16,1,15,data\utd_mhad\RGB-part3\a16_s8_t1_color.avi,data\utd_mhad\Depth\a16_s8_t1_depth.mat
8,16,2,15,data\utd_mhad\RGB-part3\a16_s8_t2_color.avi,data\utd_mhad\Depth\a16_s8_t2_depth.mat
8,16,3,15,data\utd_mhad\RGB-part3\a16_s8_t3_color.avi,data\utd_mhad\Depth\a16_s8_t3_depth.mat
8,16,4,15,data\utd_mhad\RGB-part3\a16_s8_t4_color.avi,data\utd_mhad\Depth\a16_s8_t4_depth.mat
1,17,1,16,data\utd_mhad\RGB-part3\a17_s1_t1_color.avi,data\utd_mhad\Depth\a17_s1_t1_depth.mat
1,17,2,16,data\utd_mhad\RGB-part3\a17_s1_t2_color.avi,data\utd_mhad\Depth\a17_s1_t2_depth.mat
1,17,3,16,data\utd_mhad\RGB-part3\a17_s1_t3_color.avi,data\utd_mhad\Depth\a17_s1_t3_depth.mat
1,17,4,16,data\utd_mhad\RGB-part3\a17_s1_t4_color.avi,data\utd_mhad\Depth\a17_s1_t4_depth.mat
2,17,1,16,data\utd_mhad\RGB-part3\a17_s2_t1_color.avi,data\utd_mhad\Depth\a17_s2_t1_depth.mat
2,17,2,16,data\utd_mhad\RGB-part3\a17_s2_t2_color.avi,data\utd_mhad\Depth\a17_s2_t2_depth.mat
2,17,3,16,data\utd_mhad\RGB-part3\a17_s2_t3_color.avi,data\utd_mhad\Depth\a17_s2_t3_depth.mat
2,17,4,16,data\utd_mhad\RGB-part3\a17_s2_t4_color.avi,data\utd_mhad\Depth\a17_s2_t4_depth.mat
3,17,1,16,data\utd_mhad\RGB-part3\a17_s3_t1_color.avi,data\utd_mhad\Depth\a17_s3_t1_depth.mat
3,17,2,16,data\utd_mhad\RGB-part3\a17_s3_t2_color.avi,data\utd_mhad\Depth\a17_s3_t2_depth.mat
3,17,3,16,data\utd_mhad\RGB-part3\a17_s3_t3_color.avi,data\utd_mhad\Depth\a17_s3_t3_depth.mat
3,17,4,16,data\utd_mhad\RGB-part3\a17_s3_t4_color.avi,data\utd_mhad\Depth\a17_s3_t4_depth.mat
4,17,1,16,data\utd_mhad\RGB-part3\a17_s4_t1_color.avi,data\utd_mhad\Depth\a17_s4_t1_depth.mat
4,17,2,16,data\utd_mhad\RGB-part3\a17_s4_t2_color.avi,data\utd_mhad\Depth\a17_s4_t2_depth.mat
4,17,3,16,data\utd_mhad\RGB-part3\a17_s4_t3_color.avi,data\utd_mhad\Depth\a17_s4_t3_depth.mat
4,17,4,16,data\utd_mhad\RGB-part3\a17_s4_t4_color.avi,data\utd_mhad\Depth\a17_s4_t4_depth.mat
5,17,1,16,data\utd_mhad\RGB-part3\a17_s5_t1_color.avi,data\utd_mhad\Depth\a17_s5_t1_depth.mat
5,17,2,16,data\utd_mhad\RGB-part3\a17_s5_t2_color.avi,data\utd_mhad\Depth\a17_s5_t2_depth.mat
5,17,3,16,data\utd_mhad\RGB-part3\a17_s5_t3_color.avi,data\utd_mhad\Depth\a17_s5_t3_depth.mat
5,17,4,16,data\utd_mhad\RGB-part3\a17_s5_t4_color.avi,data\utd_mhad\Depth\a17_s5_t4_depth.mat
6,17,1,16,data\utd_mhad\RGB-part3\a17_s6_t1_color.avi,data\utd_mhad\Depth\a17_s6_t1_depth.mat
6,17,2,16,data\utd_mhad\RGB-part3\a17_s6_t2_color.avi,data\utd_mhad\Depth\a17_s6_t2_depth.mat
6,17,3,16,data\utd_mhad\RGB-part3\a17_s6_t3_color.avi,data\utd_mhad\Depth\a17_s6_t3_depth.mat
6,17,4,16,data\utd_mhad\RGB-part3\a17_s6_t4_color.avi,data\utd_mhad\Depth\a17_s6_t4_depth.mat
7,17,1,16,data\utd_mhad\RGB-part3\a17_s7_t1_color.avi,data\utd_mhad\Depth\a17_s7_t1_depth.mat
7,17,2,16,data\utd_mhad\RGB-part3\a17_s7_t2_color.avi,data\utd_mhad\Depth\a17_s7_t2_depth.mat
7,17,3,16,data\utd_mhad\RGB-part3\a17_s7_t3_color.avi,data\utd_mhad\Depth\a17_s7_t3_depth.mat
7,17,4,16,data\utd_mhad\RGB-part3\a17_s7_t4_color.avi,data\utd_mhad\Depth\a17_s7_t4_depth.mat
8,17,1,16,data\utd_mhad\RGB-part3\a17_s8_t1_color.avi,data\utd_mhad\Depth\a17_s8_t1_depth.mat
8,17,2,16,data\utd_mhad\RGB-part3\a17_s8_t2_color.avi,data\utd_mhad\Depth\a17_s8_t2_depth.mat
8,17,3,16,data\utd_mhad\RGB-part3\a17_s8_t3_color.avi,data\utd_mhad\Depth\a17_s8_t3_depth.mat
8,17,4,16,data\utd_mhad\RGB-part3\a17_s8_t4_color.avi,data\utd_mhad\Depth\a17_s8_t4_depth.mat
1,18,1,17,data\utd_mhad\RGB-part3\a18_s1_t1_color.avi,data\utd_mhad\Depth\a18_s1_t1_depth.mat
1,18,2,17,data\utd_mhad\RGB-part3\a18_s1_t2_color.avi,data\utd_mhad\Depth\a18_s1_t2_depth.mat
1,18,3,17,data\utd_mhad\RGB-part3\a18_s1_t3_color.avi,data\utd_mhad\Depth\a18_s1_t3_depth.mat
1,18,4,17,data\utd_mhad\RGB-part3\a18_s1_t4_color.avi,data\utd_mhad\Depth\a18_s1_t4_depth.mat
2,18,1,17,data\utd_mhad\RGB-part3\a18_s2_t1_color.avi,data\utd_mhad\Depth\a18_s2_t1_depth.mat
2,18,2,17,data\utd_mhad\RGB-part3\a18_s2_t2_color.avi,data\utd_mhad\Depth\a18_s2_t2_depth.mat
2,18,3,17,data\utd_mhad\RGB-part3\a18_s2_t3_color.avi,data\utd_mhad\Depth\a18_s2_t3_depth.mat
2,18,4,17,data\utd_mhad\RGB-part3\a18_s2_t4_color.avi,data\utd_mhad\Depth\a18_s2_t4_depth.mat
3,18,1,17,data\utd_mhad\RGB-part3\a18_s3_t1_color.avi,data\utd_mhad\Depth\a18_s3_t1_depth.mat
3,18,2,17,data\utd_mhad\RGB-part3\a18_s3_t2_color.avi,data\utd_mhad\Depth\a18_s3_t2_depth.mat
3,18,3,17,data\utd_mhad\RGB-part3\a18_s3_t3_color.avi,data\utd_mhad\Depth\a18_s3_t3_depth.mat
3,18,4,17,data\utd_mhad\RGB-part3\a18_s3_t4_color.avi,data\utd_mhad\Depth\a18_s3_t4_depth.mat
4,18,1,17,data\utd_mhad\RGB-part3\a18_s4_t1_color.avi,data\utd_mhad\Depth\a18_s4_t1_depth.mat
4,18,2,17,data\utd_mhad\RGB-part3\a18_s4_t2_color.avi,data\utd_mhad\Depth\a18_s4_t2_depth.mat
4,18,3,17,data\utd_mhad\RGB-part3\a18_s4_t3_color.avi,data\utd_mhad\Depth\a18_s4_t3_depth.mat
4,18,4,17,data\utd_mhad\RGB-part3\a18_s4_t4_color.avi,data\utd_mhad\Depth\a18_s4_t4_depth.mat
5,18,1,17,data\utd_mhad\RGB-part3\a18_s5_t1_color.avi,data\utd_mhad\Depth\a18_s5_t1_depth.mat
5,18,2,17,data\utd_mhad\RGB-part3\a18_s5_t2_color.avi,data\utd_mhad\Depth\a18_s5_t2_depth.mat
5,18,3,17,data\utd_mhad\RGB-part3\a18_s5_t3_color.avi,data\utd_mhad\Depth\a18_s5_t3_depth.mat
5,18,4,17,data\utd_mhad\RGB-part3\a18_s5_t4_color.avi,data\utd_mhad\Depth\a18_s5_t4_depth.mat
6,18,1,17,data\utd_mhad\RGB-part3\a18_s6_t1_color.avi,data\utd_mhad\Depth\a18_s6_t1_depth.mat
6,18,2,17,data\utd_mhad\RGB-part3\a18_s6_t2_color.avi,data\utd_mhad\Depth\a18_s6_t2_depth.mat
6,18,3,17,data\utd_mhad\RGB-part3\a18_s6_t3_color.avi,data\utd_mhad\Depth\a18_s6_t3_depth.mat
6,18,4,17,data\utd_mhad\RGB-part3\a18_s6_t4_color.avi,data\utd_mhad\Depth\a18_s6_t4_depth.mat
7,18,1,17,data\utd_mhad\RGB-part3\a18_s7_t1_color.avi,data\utd_mhad\Depth\a18_s7_t1_depth.mat
7,18,2,17,data\utd_mhad\RGB-part3\a18_s7_t2_color.avi,data\utd_mhad\Depth\a18_s7_t2_depth.mat
7,18,3,17,data\utd_mhad\RGB-part3\a18_s7_t3_color.avi,data\utd_mhad\Depth\a18_s7_t3_depth.mat
7,18,4,17,data\utd_mhad\RGB-part3\a18_s7_t4_color.avi,data\utd_mhad\Depth\a18_s7_t4_depth.mat
8,18,1,17,data\utd_mhad\RGB-part3\a18_s8_t1_color.avi,data\utd_mhad\Depth\a18_s8_t1_depth.mat
8,18,2,17,data\utd_mhad\RGB-part3\a18_s8_t2_color.avi,data\utd_mhad\Depth\a18_s8_t2_depth.mat
8,18,3,17,data\utd_mhad\RGB-part3\a18_s8_t3_color.avi,data\utd_mhad\Depth\a18_s8_t3_depth.mat
8,18,4,17,data\utd_mhad\RGB-part3\a18_s8_t4_color.avi,data\utd_mhad\Depth\a18_s8_t4_depth.mat
1,19,1,18,data\utd_mhad\RGB-part3\a19_s1_t1_color.avi,data\utd_mhad\Depth\a19_s1_t1_depth.mat
1,19,2,18,data\utd_mhad\RGB-part3\a19_s1_t2_color.avi,data\utd_mhad\Depth\a19_s1_t2_depth.mat
1,19,3,18,data\utd_mhad\RGB-part3\a19_s1_t3_color.avi,data\utd_mhad\Depth\a19_s1_t3_depth.mat
1,19,4,18,data\utd_mhad\RGB-part3\a19_s1_t4_color.avi,data\utd_mhad\Depth\a19_s1_t4_depth.mat
2,19,1,18,data\utd_mhad\RGB-part3\a19_s2_t1_color.avi,data\utd_mhad\Depth\a19_s2_t1_depth.mat
2,19,2,18,data\utd_mhad\RGB-part3\a19_s2_t2_color.avi,data\utd_mhad\Depth\a19_s2_t2_depth.mat
2,19,3,18,data\utd_mhad\RGB-part3\a19_s2_t3_color.avi,data\utd_mhad\Depth\a19_s2_t3_depth.mat
2,19,4,18,data\utd_mhad\RGB-part3\a19_s2_t4_color.avi,data\utd_mhad\Depth\a19_s2_t4_depth.mat
3,19,1,18,data\utd_mhad\RGB-part3\a19_s3_t1_color.avi,data\utd_mhad\Depth\a19_s3_t1_depth.mat
3,19,2,18,data\utd_mhad\RGB-part3\a19_s3_t2_color.avi,data\utd_mhad\Depth\a19_s3_t2_depth.mat
3,19,3,18,data\utd_mhad\RGB-part3\a19_s3_t3_color.avi,data\utd_mhad\Depth\a19_s3_t3_depth.mat
3,19,4,18,data\utd_mhad\RGB-part3\a19_s3_t4_color.avi,data\utd_mhad\Depth\a19_s3_t4_depth.mat
4,19,1,18,data\utd_mhad\RGB-part3\a19_s4_t1_color.avi,data\utd_mhad\Depth\a19_s4_t1_depth.mat
4,19,2,18,data\utd_mhad\RGB-part3\a19_s4_t2_color.avi,data\utd_mhad\Depth\a19_s4_t2_depth.mat
4,19,3,18,data\utd_mhad\RGB-part3\a19_s4_t3_color.avi,data\utd_mhad\Depth\a19_s4_t3_depth.mat
4,19,4,18,data\utd_mhad\RGB-part3\a19_s4_t4_color.avi,data\utd_mhad\Depth\a19_s4_t4_depth.mat
5,19,1,18,data\utd_mhad\RGB-part3\a19_s5_t1_color.avi,data\utd_mhad\Depth\a19_s5_t1_depth.mat
5,19,2,18,data\utd_mhad\RGB-part3\a19_s5_t2_color.avi,data\utd_mhad\Depth\a19_s5_t2_depth.mat
5,19,3,18,data\utd_mhad\RGB-part3\a19_s5_t3_color.avi,data\utd_mhad\Depth\a19_s5_t3_depth.mat
5,19,4,18,data\utd_mhad\RGB-part3\a19_s5_t4_color.avi,data\utd_mhad\Depth\a19_s5_t4_depth.mat
6,19,1,18,data\utd_mhad\RGB-part3\a19_s6_t1_color.avi,data\utd_mhad\Depth\a19_s6_t1_depth.mat
6,19,2,18,data\utd_mhad\RGB-part3\a19_s6_t2_color.avi,data\utd_mhad\Depth\a19_s6_t2_depth.mat
6,19,3,18,data\utd_mhad\RGB-part3\a19_s6_t3_color.avi,data\utd_mhad\Depth\a19_s6_t3_depth.mat
6,19,4,18,data\utd_mhad\RGB-part3\a19_s6_t4_color.avi,data\utd_mhad\Depth\a19_s6_t4_depth.mat
7,19,1,18,data\utd_mhad\RGB-part3\a19_s7_t1_color.avi,data\utd_mhad\Depth\a19_s7_t1_depth.mat
7,19,2,18,data\utd_mhad\RGB-part3\a19_s7_t2_color.avi,data\utd_mhad\Depth\a19_s7_t2_depth.mat
7,19,3,18,data\utd_mhad\RGB-part3\a19_s7_t3_color.avi,data\utd_mhad\Depth\a19_s7_t3_depth.mat
7,19,4,18,data\utd_mhad\RGB-part3\a19_s7_t4_color.avi,data\utd_mhad\Depth\a19_s7_t4_depth.mat
8,19,1,18,data\utd_mhad\RGB-part3\a19_s8_t1_color.avi,data\utd_mhad\Depth\a19_s8_t1_depth.mat
8,19,2,18,data\utd_mhad\RGB-part3\a19_s8_t2_color.avi,data\utd_mhad\Depth\a19_s8_t2_depth.mat
8,19,3,18,data\utd_mhad\RGB-part3\a19_s8_t3_color.avi,data\utd_mhad\Depth\a19_s8_t3_depth.mat
8,19,4,18,data\utd_mhad\RGB-part3\a19_s8_t4_color.avi,data\utd_mhad\Depth\a19_s8_t4_depth.mat
1,1,1,0,data\utd_mhad\RGB-part1\a1_s1_t1_color.avi,data\utd_mhad\Depth\a1_s1_t1_depth.mat
1,1,2,0,data\utd_mhad\RGB-part1\a1_s1_t2_color.avi,data\utd_mhad\Depth\a1_s1_t2_depth.mat
1,1,3,0,data\utd_mhad\RGB-part1\a1_s1_t3_color.avi,data\utd_mhad\Depth\a1_s1_t3_depth.mat
1,1,4,0,data\utd_mhad\RGB-part1\a1_s1_t4_color.avi,data\utd_mhad\Depth\a1_s1_t4_depth.mat
2,1,1,0,data\utd_mhad\RGB-part1\a1_s2_t1_color.avi,data\utd_mhad\Depth\a1_s2_t1_depth.mat
2,1,2,0,data\utd_mhad\RGB-part1\a1_s2_t2_color.avi,data\utd_mhad\Depth\a1_s2_t2_depth.mat
2,1,3,0,data\utd_mhad\RGB-part1\a1_s2_t3_color.avi,data\utd_mhad\Depth\a1_s2_t3_depth.mat
2,1,4,0,data\utd_mhad\RGB-part1\a1_s2_t4_color.avi,data\utd_mhad\Depth\a1_s2_t4_depth.mat
3,1,1,0,data\utd_mhad\RGB-part1\a1_s3_t1_color.avi,data\utd_mhad\Depth\a1_s3_t1_depth.mat
3,1,2,0,data\utd_mhad\RGB-part1\a1_s3_t2_color.avi,data\utd_mhad\Depth\a1_s3_t2_depth.mat
3,1,3,0,data\utd_mhad\RGB-part1\a1_s3_t3_color.avi,data\utd_mhad\Depth\a1_s3_t3_depth.mat
3,1,4,0,data\utd_mhad\RGB-part1\a1_s3_t4_color.avi,data\utd_mhad\Depth\a1_s3_t4_depth.mat
4,1,1,0,data\utd_mhad\RGB-part1\a1_s4_t1_color.avi,data\utd_mhad\Depth\a1_s4_t1_depth.mat
4,1,2,0,data\utd_mhad\RGB-part1\a1_s4_t2_color.avi,data\utd_mhad\Depth\a1_s4_t2_depth.mat
4,1,3,0,data\utd_mhad\RGB-part1\a1_s4_t3_color.avi,data\utd_mhad\Depth\a1_s4_t3_depth.mat
4,1,4,0,data\utd_mhad\RGB-part1\a1_s4_t4_color.avi,data\utd_mhad\Depth\a1_s4_t4_depth.mat
5,1,1,0,data\utd_mhad\RGB-part1\a1_s5_t1_color.avi,data\utd_mhad\Depth\a1_s5_t1_depth.mat
5,1,2,0,data\utd_mhad\RGB-part1\a1_s5_t2_color.avi,data\utd_mhad\Depth\a1_s5_t2_depth.mat
5,1,3,0,data\utd_mhad\RGB-part1\a1_s5_t3_color.avi,data\utd_mhad\Depth\a1_s5_t3_depth.mat
5,1,4,0,data\utd_mhad\RGB-part1\a1_s5_t4_color.avi,data\utd_mhad\Depth\a1_s5_t4_depth.mat
6,1,1,0,data\utd_mhad\RGB-part1\a1_s6_t1_color.avi,data\utd_mhad\Depth\a1_s6_t1_depth.mat
6,1,2,0,data\utd_mhad\RGB-part1\a1_s6_t2_color.avi,data\utd_mhad\Depth\a1_s6_t2_depth.mat
6,1,3,0,data\utd_mhad\RGB-part1\a1_s6_t3_color.avi,data\utd_mhad\Depth\a1_s6_t3_depth.mat
6,1,4,0,data\utd_mhad\RGB-part1\a1_s6_t4_color.avi,data\utd_mhad\Depth\a1_s6_t4_depth.mat
7,1,1,0,data\utd_mhad\RGB-part1\a1_s7_t1_color.avi,data\utd_mhad\Depth\a1_s7_t1_depth.mat
7,1,2,0,data\utd_mhad\RGB-part1\a1_s7_t2_color.avi,data\utd_mhad\Depth\a1_s7_t2_depth.mat
7,1,3,0,data\utd_mhad\RGB-part1\a1_s7_t3_color.avi,data\utd_mhad\Depth\a1_s7_t3_depth.mat
7,1,4,0,data\utd_mhad\RGB-part1\a1_s7_t4_color.avi,data\utd_mhad\Depth\a1_s7_t4_depth.mat
8,1,1,0,data\utd_mhad\RGB-part1\a1_s8_t1_color.avi,data\utd_mhad\Depth\a1_s8_t1_depth.mat
8,1,2,0,data\utd_mhad\RGB-part1\a1_s8_t2_color.avi,data\utd_mhad\Depth\a1_s8_t2_depth.mat
8,1,3,0,data\utd_mhad\RGB-part1\a1_s8_t3_color.avi,data\utd_mhad\Depth\a1_s8_t3_depth.mat
8,1,4,0,data\utd_mhad\RGB-part1\a1_s8_t4_color.avi,data\utd_mhad\Depth\a1_s8_t4_depth.mat
1,20,1,19,data\utd_mhad\RGB-part3\a20_s1_t1_color.avi,data\utd_mhad\Depth\a20_s1_t1_depth.mat
1,20,2,19,data\utd_mhad\RGB-part3\a20_s1_t2_color.avi,data\utd_mhad\Depth\a20_s1_t2_depth.mat
1,20,3,19,data\utd_mhad\RGB-part3\a20_s1_t3_color.avi,data\utd_mhad\Depth\a20_s1_t3_depth.mat
1,20,4,19,data\utd_mhad\RGB-part3\a20_s1_t4_color.avi,data\utd_mhad\Depth\a20_s1_t4_depth.mat
2,20,1,19,data\utd_mhad\RGB-part3\a20_s2_t1_color.avi,data\utd_mhad\Depth\a20_s2_t1_depth.mat
2,20,2,19,data\utd_mhad\RGB-part3\a20_s2_t2_color.avi,data\utd_mhad\Depth\a20_s2_t2_depth.mat
2,20,3,19,data\utd_mhad\RGB-part3\a20_s2_t3_color.avi,data\utd_mhad\Depth\a20_s2_t3_depth.mat
2,20,4,19,data\utd_mhad\RGB-part3\a20_s2_t4_color.avi,data\utd_mhad\Depth\a20_s2_t4_depth.mat
3,20,1,19,data\utd_mhad\RGB-part3\a20_s3_t1_color.avi,data\utd_mhad\Depth\a20_s3_t1_depth.mat
3,20,2,19,data\utd_mhad\RGB-part3\a20_s3_t2_color.avi,data\utd_mhad\Depth\a20_s3_t2_depth.mat
3,20,3,19,data\utd_mhad\RGB-part3\a20_s3_t3_color.avi,data\utd_mhad\Depth\a20_s3_t3_depth.mat
3,20,4,19,data\utd_mhad\RGB-part3\a20_s3_t4_color.avi,data\utd_mhad\Depth\a20_s3_t4_depth.mat
4,20,1,19,data\utd_mhad\RGB-part3\a20_s4_t1_color.avi,data\utd_mhad\Depth\a20_s4_t1_depth.mat
4,20,2,19,data\utd_mhad\RGB-part3\a20_s4_t2_color.avi,data\utd_mhad\Depth\a20_s4_t2_depth.mat
4,20,3,19,data\utd_mhad\RGB-part3\a20_s4_t3_color.avi,data\utd_mhad\Depth\a20_s4_t3_depth.mat
4,20,4,19,data\utd_mhad\RGB-part3\a20_s4_t4_color.avi,data\utd_mhad\Depth\a20_s4_t4_depth.mat
5,20,1,19,data\utd_mhad\RGB-part3\a20_s5_t1_color.avi,data\utd_mhad\Depth\a20_s5_t1_depth.mat
5,20,2,19,data\utd_mhad\RGB-part3\a20_s5_t2_color.avi,data\utd_mhad\Depth\a20_s5_t2_depth.mat
5,20,3,19,data\utd_mhad\RGB-part3\a20_s5_t3_color.avi,data\utd_mhad\Depth\a20_s5_t3_depth.mat
5,20,4,19,data\utd_mhad\RGB-part3\a20_s5_t4_color.avi,data\utd_mhad\Depth\a20_s5_t4_depth.mat
6,20,1,19,data\utd_mhad\RGB-part3\a20_s6_t1_color.avi,data\utd_mhad\Depth\a20_s6_t1_depth.mat
6,20,2,19,data\utd_mhad\RGB-part3\a20_s6_t2_color.avi,data\utd_mhad\Depth\a20_s6_t2_depth.mat
6,20,3,19,data\utd_mhad\RGB-part3\a20_s6_t3_color.avi,data\utd_mhad\Depth\a20_s6_t3_depth.mat
6,20,4,19,data\utd_mhad\RGB-part3\a20_s6_t4_color.avi,data\utd_mhad\Depth\a20_s6_t4_depth.mat
7,20,1,19,data\utd_mhad\RGB-part3\a20_s7_t1_color.avi,data\utd_mhad\Depth\a20_s7_t1_depth.mat
7,20,2,19,data\utd_mhad\RGB-part3\a20_s7_t2_color.avi,data\utd_mhad\Depth\a20_s7_t2_depth.mat
7,20,3,19,data\utd_mhad\RGB-part3\a20_s7_t3_color.avi,data\utd_mhad\Depth\a20_s7_t3_depth.mat
7,20,4,19,data\utd_mhad\RGB-part3\a20_s7_t4_color.avi,data\utd_mhad\Depth\a20_s7_t4_depth.mat
8,20,1,19,data\utd_mhad\RGB-part3\a20_s8_t1_color.avi,data\utd_mhad\Depth\a20_s8_t1_depth.mat
8,20,2,19,data\utd_mhad\RGB-part3\a20_s8_t2_color.avi,data\utd_mhad\Depth\a20_s8_t2_depth.mat
8,20,3,19,data\utd_mhad\RGB-part3\a20_s8_t3_color.avi,data\utd_mhad\Depth\a20_s8_t3_depth.mat
8,20,4,19,data\utd_mhad\RGB-part3\a20_s8_t4_color.avi,data\utd_mhad\Depth\a20_s8_t4_depth.mat
1,21,1,20,data\utd_mhad\RGB-part4\a21_s1_t1_color.avi,data\utd_mhad\Depth\a21_s1_t1_depth.mat
1,21,2,20,data\utd_mhad\RGB-part4\a21_s1_t2_color.avi,data\utd_mhad\Depth\a21_s1_t2_depth.mat
1,21,3,20,data\utd_mhad\RGB-part4\a21_s1_t3_color.avi,data\utd_mhad\Depth\a21_s1_t3_depth.mat
1,21,4,20,data\utd_mhad\RGB-part4\a21_s1_t4_color.avi,data\utd_mhad\Depth\a21_s1_t4_depth.mat
2,21,1,20,data\utd_mhad\RGB-part4\a21_s2_t1_color.avi,data\utd_mhad\Depth\a21_s2_t1_depth.mat
2,21,2,20,data\utd_mhad\RGB-part4\a21_s2_t2_color.avi,data\utd_mhad\Depth\a21_s2_t2_depth.mat
2,21,3,20,data\utd_mhad\RGB-part4\a21_s2_t3_color.avi,data\utd_mhad\Depth\a21_s2_t3_depth.mat
2,21,4,20,data\utd_mhad\RGB-part4\a21_s2_t4_color.avi,data\utd_mhad\Depth\a21_s2_t4_depth.mat
3,21,1,20,data\utd_mhad\RGB-part4\a21_s3_t1_color.avi,data\utd_mhad\Depth\a21_s3_t1_depth.mat
3,21,2,20,data\utd_mhad\RGB-part4\a21_s3_t2_color.avi,data\utd_mhad\Depth\a21_s3_t2_depth.mat
3,21,3,20,data\utd_mhad\RGB-part4\a21_s3_t3_color.avi,data\utd_mhad\Depth\a21_s3_t3_depth.mat
3,21,4,20,data\utd_mhad\RGB-part4\a21_s3_t4_color.avi,data\utd_mhad\Depth\a21_s3_t4_depth.mat
4,21,1,20,data\utd_mhad\RGB-part4\a21_s4_t1_color.avi,data\utd_mhad\Depth\a21_s4_t1_depth.mat
4,21,2,20,data\utd_mhad\RGB-part4\a21_s4_t2_color.avi,data\utd_mhad\Depth\a21_s4_t2_depth.mat
4,21,3,20,data\utd_mhad\RGB-part4\a21_s4_t3_color.avi,data\utd_mhad\Depth\a21_s4_t3_depth.mat
4,21,4,20,data\utd_mhad\RGB-part4\a21_s4_t4_color.avi,data\utd_mhad\Depth\a21_s4_t4_depth.mat
5,21,1,20,data\utd_mhad\RGB-part4\a21_s5_t1_color.avi,data\utd_mhad\Depth\a21_s5_t1_depth.mat
5,21,2,20,data\utd_mhad\RGB-part4\a21_s5_t2_color.avi,data\utd_mhad\Depth\a21_s5_t2_depth.mat
5,21,3,20,data\utd_mhad\RGB-part4\a21_s5_t3_color.avi,data\utd_mhad\Depth\a21_s5_t3_depth.mat
5,21,4,20,data\utd_mhad\RGB-part4\a21_s5_t4_color.avi,data\utd_mhad\Depth\a21_s5_t4_depth.mat
6,21,1,20,data\utd_mhad\RGB-part4\a21_s6_t1_color.avi,data\utd_mhad\Depth\a21_s6_t1_depth.mat
6,21,2,20,data\utd_mhad\RGB-part4\a21_s6_t2_color.avi,data\utd_mhad\Depth\a21_s6_t2_depth.mat
6,21,3,20,data\utd_mhad\RGB-part4\a21_s6_t3_color.avi,data\utd_mhad\Depth\a21_s6_t3_depth.mat
6,21,4,20,data\utd_mhad\RGB-part4\a21_s6_t4_color.avi,data\utd_mhad\Depth\a21_s6_t4_depth.mat
7,21,1,20,data\utd_mhad\RGB-part4\a21_s7_t1_color.avi,data\utd_mhad\Depth\a21_s7_t1_depth.mat
7,21,2,20,data\utd_mhad\RGB-part4\a21_s7_t2_color.avi,data\utd_mhad\Depth\a21_s7_t2_depth.mat
7,21,3,20,data\utd_mhad\RGB-part4\a21_s7_t3_color.avi,data\utd_mhad\Depth\a21_s7_t3_depth.mat
7,21,4,20,data\utd_mhad\RGB-part4\a21_s7_t4_color.avi,data\utd_mhad\Depth\a21_s7_t4_depth.mat
8,21,1,20,data\utd_mhad\RGB-part4\a21_s8_t1_color.avi,data\utd_mhad\Depth\a21_s8_t1_depth.mat
8,21,2,20,data\utd_mhad\RGB-part4\a21_s8_t2_color.avi,data\utd_mhad\Depth\a21_s8_t2_depth.mat
8,21,3,20,data\utd_mhad\RGB-part4\a21_s8_t3_color.avi,data\utd_mhad\Depth\a21_s8_t3_depth.mat
8,21,4,20,data\utd_mhad\RGB-part4\a21_s8_t4_color.avi,data\utd_mhad\Depth\a21_s8_t4_depth.mat
1,22,1,21,data\utd_mhad\RGB-part4\a22_s1_t1_color.avi,data\utd_mhad\Depth\a22_s1_t1_depth.mat
1,22,2,21,data\utd_mhad\RGB-part4\a22_s1_t2_color.avi,data\utd_mhad\Depth\a22_s1_t2_depth.mat
1,22,3,21,data\utd_mhad\RGB-part4\a22_s1_t3_color.avi,data\utd_mhad\Depth\a22_s1_t3_depth.mat
1,22,4,21,data\utd_mhad\RGB-part4\a22_s1_t4_color.avi,data\utd_mhad\Depth\a22_s1_t4_depth.mat
2,22,1,21,data\utd_mhad\RGB-part4\a22_s2_t1_color.avi,data\utd_mhad\Depth\a22_s2_t1_depth.mat
2,22,2,21,data\utd_mhad\RGB-part4\a22_s2_t2_color.avi,data\utd_mhad\Depth\a22_s2_t2_depth.mat
2,22,3,21,data\utd_mhad\RGB-part4\a22_s2_t3_color.avi,data\utd_mhad\Depth\a22_s2_t3_depth.mat
2,22,4,21,data\utd_mhad\RGB-part4\a22_s2_t4_color.avi,data\utd_mhad\Depth\a22_s2_t4_depth.mat
3,22,1,21,data\utd_mhad\RGB-part4\a22_s3_t1_color.avi,data\utd_mhad\Depth\a22_s3_t1_depth.mat
3,22,2,21,data\utd_mhad\RGB-part4\a22_s3_t2_color.avi,data\utd_mhad\Depth\a22_s3_t2_depth.mat
3,22,3,21,data\utd_mhad\RGB-part4\a22_s3_t3_color.avi,data\utd_mhad\Depth\a22_s3_t3_depth.mat
3,22,4,21,data\utd_mhad\RGB-part4\a22_s3_t4_color.avi,data\utd_mhad\Depth\a22_s3_t4_depth.mat
4,22,1,21,data\utd_mhad\RGB-part4\a22_s4_t1_color.avi,data\utd_mhad\Depth\a22_s4_t1_depth.mat
4,22,2,21,data\utd_mhad\RGB-part4\a22_s4_t2_color.avi,data\utd_mhad\Depth\a22_s4_t2_depth.mat
4,22,3,21,data\utd_mhad\RGB-part4\a22_s4_t3_color.avi,data\utd_mhad\Depth\a22_s4_t3_depth.mat
4,22,4,21,data\utd_mhad\RGB-part4\a22_s4_t4_color.avi,data\utd_mhad\Depth\a22_s4_t4_depth.mat
5,22,1,21,data\utd_mhad\RGB-part4\a22_s5_t1_color.avi,data\utd_mhad\Depth\a22_s5_t1_depth.mat
5,22,2,21,data\utd_mhad\RGB-part4\a22_s5_t2_color.avi,data\utd_mhad\Depth\a22_s5_t2_depth.mat
5,22,3,21,data\utd_mhad\RGB-part4\a22_s5_t3_color.avi,data\utd_mhad\Depth\a22_s5_t3_depth.mat
5,22,4,21,data\utd_mhad\RGB-part4\a22_s5_t4_color.avi,data\utd_mhad\Depth\a22_s5_t4_depth.mat
6,22,1,21,data\utd_mhad\RGB-part4\a22_s6_t1_color.avi,data\utd_mhad\Depth\a22_s6_t1_depth.mat
6,22,2,21,data\utd_mhad\RGB-part4\a22_s6_t2_color.avi,data\utd_mhad\Depth\a22_s6_t2_depth.mat
6,22,3,21,data\utd_mhad\RGB-part4\a22_s6_t3_color.avi,data\utd_mhad\Depth\a22_s6_t3_depth.mat
6,22,4,21,data\utd_mhad\RGB-part4\a22_s6_t4_color.avi,data\utd_mhad\Depth\a22_s6_t4_depth.mat
7,22,1,21,data\utd_mhad\RGB-part4\a22_s7_t1_color.avi,data\utd_mhad\Depth\a22_s7_t1_depth.mat
7,22,2,21,data\utd_mhad\RGB-part4\a22_s7_t2_color.avi,data\utd_mhad\Depth\a22_s7_t2_depth.mat
7,22,3,21,data\utd_mhad\RGB-part4\a22_s7_t3_color.avi,data\utd_mhad\Depth\a22_s7_t3_depth.mat
7,22,4,21,data\utd_mhad\RGB-part4\a22_s7_t4_color.avi,data\utd_mhad\Depth\a22_s7_t4_depth.mat
8,22,1,21,data\utd_mhad\RGB-part4\a22_s8_t1_color.avi,data\utd_mhad\Depth\a22_s8_t1_depth.mat
8,22,2,21,data\utd_mhad\RGB-part4\a22_s8_t2_color.avi,data\utd_mhad\Depth\a22_s8_t2_depth.mat
8,22,3,21,data\utd_mhad\RGB-part4\a22_s8_t3_color.avi,data\utd_mhad\Depth\a22_s8_t3_depth.mat
8,22,4,21,data\utd_mhad\RGB-part4\a22_s8_t4_color.avi,data\utd_mhad\Depth\a22_s8_t4_depth.mat
1,23,1,22,data\utd_mhad\RGB-part4\a23_s1_t1_color.avi,data\utd_mhad\Depth\a23_s1_t1_depth.mat
1,23,2,22,data\utd_mhad\RGB-part4\a23_s1_t2_color.avi,data\utd_mhad\Depth\a23_s1_t2_depth.mat
1,23,3,22,data\utd_mhad\RGB-part4\a23_s1_t3_color.avi,data\utd_mhad\Depth\a23_s1_t3_depth.mat
1,23,4,22,data\utd_mhad\RGB-part4\a23_s1_t4_color.avi,data\utd_mhad\Depth\a23_s1_t4_depth.mat
2,23,1,22,data\utd_mhad\RGB-part4\a23_s2_t1_color.avi,data\utd_mhad\Depth\a23_s2_t1_depth.mat
2,23,2,22,data\utd_mhad\RGB-part4\a23_s2_t2_color.avi,data\utd_mhad\Depth\a23_s2_t2_depth.mat
2,23,3,22,data\utd_mhad\RGB-part4\a23_s2_t3_color.avi,data\utd_mhad\Depth\a23_s2_t3_depth.mat
2,23,4,22,data\utd_mhad\RGB-part4\a23_s2_t4_color.avi,data\utd_mhad\Depth\a23_s2_t4_depth.mat
3,23,1,22,data\utd_mhad\RGB-part4\a23_s3_t1_color.avi,data\utd_mhad\Depth\a23_s3_t1_depth.mat
3,23,2,22,data\utd_mhad\RGB-part4\a23_s3_t2_color.avi,data\utd_mhad\Depth\a23_s3_t2_depth.mat
3,23,3,22,data\utd_mhad\RGB-part4\a23_s3_t3_color.avi,data\utd_mhad\Depth\a23_s3_t3_depth.mat
3,23,4,22,data\utd_mhad\RGB-part4\a23_s3_t4_color.avi,data\utd_mhad\Depth\a23_s3_t4_depth.mat
4,23,1,22,data\utd_mhad\RGB-part4\a23_s4_t1_color.avi,data\utd_mhad\Depth\a23_s4_t1_depth.mat
4,23,2,22,data\utd_mhad\RGB-part4\a23_s4_t2_color.avi,data\utd_mhad\Depth\a23_s4_t2_depth.mat
4,23,3,22,data\utd_mhad\RGB-part4\a23_s4_t3_color.avi,data\utd_mhad\Depth\a23_s4_t3_depth.mat
4,23,4,22,data\utd_mhad\RGB-part4\a23_s4_t4_color.avi,data\utd_mhad\Depth\a23_s4_t4_depth.mat
5,23,1,22,data\utd_mhad\RGB-part4\a23_s5_t1_color.avi,data\utd_mhad\Depth\a23_s5_t1_depth.mat
5,23,2,22,data\utd_mhad\RGB-part4\a23_s5_t2_color.avi,data\utd_mhad\Depth\a23_s5_t2_depth.mat
5,23,3,22,data\utd_mhad\RGB-part4\a23_s5_t3_color.avi,data\utd_mhad\Depth\a23_s5_t3_depth.mat
5,23,4,22,data\utd_mhad\RGB-part4\a23_s5_t4_color.avi,data\utd_mhad\Depth\a23_s5_t4_depth.mat
6,23,1,22,data\utd_mhad\RGB-part4\a23_s6_t1_color.avi,data\utd_mhad\Depth\a23_s6_t1_depth.mat
6,23,2,22,data\utd_mhad\RGB-part4\a23_s6_t2_color.avi,data\utd_mhad\Depth\a23_s6_t2_depth.mat
6,23,3,22,data\utd_mhad\RGB-part4\a23_s6_t3_color.avi,data\utd_mhad\Depth\a23_s6_t3_depth.mat
7,23,1,22,data\utd_mhad\RGB-part4\a23_s7_t1_color.avi,data\utd_mhad\Depth\a23_s7_t1_depth.mat
7,23,2,22,data\utd_mhad\RGB-part4\a23_s7_t2_color.avi,data\utd_mhad\Depth\a23_s7_t2_depth.mat
7,23,3,22,data\utd_mhad\RGB-part4\a23_s7_t3_color.avi,data\utd_mhad\Depth\a23_s7_t3_depth.mat
7,23,4,22,data\utd_mhad\RGB-part4\a23_s7_t4_color.avi,data\utd_mhad\Depth\a23_s7_t4_depth.mat
8,23,1,22,data\utd_mhad\RGB-part4\a23_s8_t1_color.avi,data\utd_mhad\Depth\a23_s8_t1_depth.mat
8,23,2,22,data\utd_mhad\RGB-part4\a23_s8_t2_color.avi,data\utd_mhad\Depth\a23_s8_t2_depth.mat
8,23,3,22,data\utd_mhad\RGB-part4\a23_s8_t3_color.avi,data\utd_mhad\Depth\a23_s8_t3_depth.mat
8,23,4,22,data\utd_mhad\RGB-part4\a23_s8_t4_color.avi,data\utd_mhad\Depth\a23_s8_t4_depth.mat
1,24,1,23,data\utd_mhad\RGB-part4\a24_s1_t1_color.avi,data\utd_mhad\Depth\a24_s1_t1_depth.mat
1,24,2,23,data\utd_mhad\RGB-part4\a24_s1_t2_color.avi,data\utd_mhad\Depth\a24_s1_t2_depth.mat
1,24,3,23,data\utd_mhad\RGB-part4\a24_s1_t3_color.avi,data\utd_mhad\Depth\a24_s1_t3_depth.mat
1,24,4,23,data\utd_mhad\RGB-part4\a24_s1_t4_color.avi,data\utd_mhad\Depth\a24_s1_t4_depth.mat
2,24,1,23,data\utd_mhad\RGB-part4\a24_s2_t1_color.avi,data\utd_mhad\Depth\a24_s2_t1_depth.mat
2,24,2,23,data\utd_mhad\RGB-part4\a24_s2_t2_color.avi,data\utd_mhad\Depth\a24_s2_t2_depth.mat
2,24,3,23,data\utd_mhad\RGB-part4\a24_s2_t3_color.avi,data\utd_mhad\Depth\a24_s2_t3_depth.mat
2,24,4,23,data\utd_mhad\RGB-part4\a24_s2_t4_color.avi,data\utd_mhad\Depth\a24_s2_t4_depth.mat
3,24,1,23,data\utd_mhad\RGB-part4\a24_s3_t1_color.avi,data\utd_mhad\Depth\a24_s3_t1_depth.mat
3,24,2,23,data\utd_mhad\RGB-part4\a24_s3_t2_color.avi,data\utd_mhad\Depth\a24_s3_t2_depth.mat
3,24,3,23,data\utd_mhad\RGB-part4\a24_s3_t3_color.avi,data\utd_mhad\Depth\a24_s3_t3_depth.mat
3,24,4,23,data\utd_mhad\RGB-part4\a24_s3_t4_color.avi,data\utd_mhad\Depth\a24_s3_t4_depth.mat
4,24,1,23,data\utd_mhad\RGB-part4\a24_s4_t1_color.avi,data\utd_mhad\Depth\a24_s4_t1_depth.mat
4,24,2,23,data\utd_mhad\RGB-part4\a24_s4_t2_color.avi,data\utd_mhad\Depth\a24_s4_t2_depth.mat
4,24,3,23,data\utd_mhad\RGB-part4\a24_s4_t3_color.avi,data\utd_mhad\Depth\a24_s4_t3_depth.mat
4,24,4,23,data\utd_mhad\RGB-part4\a24_s4_t4_color.avi,data\utd_mhad\Depth\a24_s4_t4_depth.mat
5,24,1,23,data\utd_mhad\RGB-part4\a24_s5_t1_color.avi,data\utd_mhad\Depth\a24_s5_t1_depth.mat
5,24,2,23,data\utd_mhad\RGB-part4\a24_s5_t2_color.avi,data\utd_mhad\Depth\a24_s5_t2_depth.mat
5,24,3,23,data\utd_mhad\RGB-part4\a24_s5_t3_color.avi,data\utd_mhad\Depth\a24_s5_t3_depth.mat
5,24,4,23,data\utd_mhad\RGB-part4\a24_s5_t4_color.avi,data\utd_mhad\Depth\a24_s5_t4_depth.mat
6,24,1,23,data\utd_mhad\RGB-part4\a24_s6_t1_color.avi,data\utd_mhad\Depth\a24_s6_t1_depth.mat
6,24,2,23,data\utd_mhad\RGB-part4\a24_s6_t2_color.avi,data\utd_mhad\Depth\a24_s6_t2_depth.mat
6,24,3,23,data\utd_mhad\RGB-part4\a24_s6_t3_color.avi,data\utd_mhad\Depth\a24_s6_t3_depth.mat
6,24,4,23,data\utd_mhad\RGB-part4\a24_s6_t4_color.avi,data\utd_mhad\Depth\a24_s6_t4_depth.mat
7,24,1,23,data\utd_mhad\RGB-part4\a24_s7_t1_color.avi,data\utd_mhad\Depth\a24_s7_t1_depth.mat
7,24,2,23,data\utd_mhad\RGB-part4\a24_s7_t2_color.avi,data\utd_mhad\Depth\a24_s7_t2_depth.mat
7,24,3,23,data\utd_mhad\RGB-part4\a24_s7_t3_color.avi,data\utd_mhad\Depth\a24_s7_t3_depth.mat
7,24,4,23,data\utd_mhad\RGB-part4\a24_s7_t4_color.avi,data\utd_mhad\Depth\a24_s7_t4_depth.mat
8,24,1,23,data\utd_mhad\RGB-part4\a24_s8_t1_color.avi,data\utd_mhad\Depth\a24_s8_t1_depth.mat
8,24,2,23,data\utd_mhad\RGB-part4\a24_s8_t2_color.avi,data\utd_mhad\Depth\a24_s8_t2_depth.mat
8,24,3,23,data\utd_mhad\RGB-part4\a24_s8_t3_color.avi,data\utd_mhad\Depth\a24_s8_t3_depth.mat
8,24,4,23,data\utd_mhad\RGB-part4\a24_s8_t4_color.avi,data\utd_mhad\Depth\a24_s8_t4_depth.mat
1,25,1,24,data\utd_mhad\RGB-part4\a25_s1_t1_color.avi,data\utd_mhad\Depth\a25_s1_t1_depth.mat
1,25,2,24,data\utd_mhad\RGB-part4\a25_s1_t2_color.avi,data\utd_mhad\Depth\a25_s1_t2_depth.mat
1,25,3,24,data\utd_mhad\RGB-part4\a25_s1_t3_color.avi,data\utd_mhad\Depth\a25_s1_t3_depth.mat
1,25,4,24,data\utd_mhad\RGB-part4\a25_s1_t4_color.avi,data\utd_mhad\Depth\a25_s1_t4_depth.mat
2,25,1,24,data\utd_mhad\RGB-part4\a25_s2_t1_color.avi,data\utd_mhad\Depth\a25_s2_t1_depth.mat
2,25,2,24,data\utd_mhad\RGB-part4\a25_s2_t2_color.avi,data\utd_mhad\Depth\a25_s2_t2_depth.mat
2,25,3,24,data\utd_mhad\RGB-part4\a25_s2_t3_color.avi,data\utd_mhad\Depth\a25_s2_t3_depth.mat
2,25,4,24,data\utd_mhad\RGB-part4\a25_s2_t4_color.avi,data\utd_mhad\Depth\a25_s2_t4_depth.mat
3,25,1,24,data\utd_mhad\RGB-part4\a25_s3_t1_color.avi,data\utd_mhad\Depth\a25_s3_t1_depth.mat
3,25,2,24,data\utd_mhad\RGB-part4\a25_s3_t2_color.avi,data\utd_mhad\Depth\a25_s3_t2_depth.mat
3,25,3,24,data\utd_mhad\RGB-part4\a25_s3_t3_color.avi,data\utd_mhad\Depth\a25_s3_t3_depth.mat
3,25,4,24,data\utd_mhad\RGB-part4\a25_s3_t4_color.avi,data\utd_mhad\Depth\a25_s3_t4_depth.mat
4,25,1,24,data\utd_mhad\RGB-part4\a25_s4_t1_color.avi,data\utd_mhad\Depth\a25_s4_t1_depth.mat
4,25,2,24,data\utd_mhad\RGB-part4\a25_s4_t2_color.avi,data\utd_mhad\Depth\a25_s4_t2_depth.mat
4,25,3,24,data\utd_mhad\RGB-part4\a25_s4_t3_color.avi,data\utd_mhad\Depth\a25_s4_t3_depth.mat
4,25,4,24,data\utd_mhad\RGB-part4\a25_s4_t4_color.avi,data\utd_mhad\Depth\a25_s4_t4_depth.mat
5,25,1,24,data\utd_mhad\RGB-part4\a25_s5_t1_color.avi,data\utd_mhad\Depth\a25_s5_t1_depth.mat
5,25,2,24,data\utd_mhad\RGB-part4\a25_s5_t2_color.avi,data\utd_mhad\Depth\a25_s5_t2_depth.mat
5,25,3,24,data\utd_mhad\RGB-part4\a25_s5_t3_color.avi,data\utd_mhad\Depth\a25_s5_t3_depth.mat
5,25,4,24,data\utd_mhad\RGB-part4\a25_s5_t4_color.avi,data\utd_mhad\Depth\a25_s5_t4_depth.mat
6,25,1,24,data\utd_mhad\RGB-part4\a25_s6_t1_color.avi,data\utd_mhad\Depth\a25_s6_t1_depth.mat
6,25,2,24,data\utd_mhad\RGB-part4\a25_s6_t2_color.avi,data\utd_mhad\Depth\a25_s6_t2_depth.mat
6,25,3,24,data\utd_mhad\RGB-part4\a25_s6_t3_color.avi,data\utd_mhad\Depth\a25_s6_t3_depth.mat
6,25,4,24,data\utd_mhad\RGB-part4\a25_s6_t4_color.avi,data\utd_mhad\Depth\a25_s6_t4_depth.mat
7,25,1,24,data\utd_mhad\RGB-part4\a25_s7_t1_color.avi,data\utd_mhad\Depth\a25_s7_t1_depth.mat
7,25,2,24,data\utd_mhad\RGB-part4\a25_s7_t2_color.avi,data\utd_mhad\Depth\a25_s7_t2_depth.mat
7,25,3,24,data\utd_mhad\RGB-part4\a25_s7_t3_color.avi,data\utd_mhad\Depth\a25_s7_t3_depth.mat
7,25,4,24,data\utd_mhad\RGB-part4\a25_s7_t4_color.avi,data\utd_mhad\Depth\a25_s7_t4_depth.mat
8,25,1,24,data\utd_mhad\RGB-part4\a25_s8_t1_color.avi,data\utd_mhad\Depth\a25_s8_t1_depth.mat
8,25,2,24,data\utd_mhad\RGB-part4\a25_s8_t2_color.avi,data\utd_mhad\Depth\a25_s8_t2_depth.mat
8,25,3,24,data\utd_mhad\RGB-part4\a25_s8_t3_color.avi,data\utd_mhad\Depth\a25_s8_t3_depth.mat
8,25,4,24,data\utd_mhad\RGB-part4\a25_s8_t4_color.avi,data\utd_mhad\Depth\a25_s8_t4_depth.mat
1,26,1,25,data\utd_mhad\RGB-part4\a26_s1_t1_color.avi,data\utd_mhad\Depth\a26_s1_t1_depth.mat
1,26,2,25,data\utd_mhad\RGB-part4\a26_s1_t2_color.avi,data\utd_mhad\Depth\a26_s1_t2_depth.mat
1,26,3,25,data\utd_mhad\RGB-part4\a26_s1_t3_color.avi,data\utd_mhad\Depth\a26_s1_t3_depth.mat
1,26,4,25,data\utd_mhad\RGB-part4\a26_s1_t4_color.avi,data\utd_mhad\Depth\a26_s1_t4_depth.mat
2,26,1,25,data\utd_mhad\RGB-part4\a26_s2_t1_color.avi,data\utd_mhad\Depth\a26_s2_t1_depth.mat
2,26,2,25,data\utd_mhad\RGB-part4\a26_s2_t2_color.avi,data\utd_mhad\Depth\a26_s2_t2_depth.mat
2,26,3,25,data\utd_mhad\RGB-part4\a26_s2_t3_color.avi,data\utd_mhad\Depth\a26_s2_t3_depth.mat
2,26,4,25,data\utd_mhad\RGB-part4\a26_s2_t4_color.avi,data\utd_mhad\Depth\a26_s2_t4_depth.mat
3,26,1,25,data\utd_mhad\RGB-part4\a26_s3_t1_color.avi,data\utd_mhad\Depth\a26_s3_t1_depth.mat
3,26,2,25,data\utd_mhad\RGB-part4\a26_s3_t2_color.avi,data\utd_mhad\Depth\a26_s3_t2_depth.mat
3,26,3,25,data\utd_mhad\RGB-part4\a26_s3_t3_color.avi,data\utd_mhad\Depth\a26_s3_t3_depth.mat
3,26,4,25,data\utd_mhad\RGB-part4\a26_s3_t4_color.avi,data\utd_mhad\Depth\a26_s3_t4_depth.mat
4,26,1,25,data\utd_mhad\RGB-part4\a26_s4_t1_color.avi,data\utd_mhad\Depth\a26_s4_t1_depth.mat
4,26,2,25,data\utd_mhad\RGB-part4\a26_s4_t2_color.avi,data\utd_mhad\Depth\a26_s4_t2_depth.mat
4,26,3,25,data\utd_mhad\RGB-part4\a26_s4_t3_color.avi,data\utd_mhad\Depth\a26_s4_t3_depth.mat
4,26,4,25,data\utd_mhad\RGB-part4\a26_s4_t4_color.avi,data\utd_mhad\Depth\a26_s4_t4_depth.mat
5,26,1,25,data\utd_mhad\RGB-part4\a26_s5_t1_color.avi,data\utd_mhad\Depth\a26_s5_t1_depth.mat
5,26,2,25,data\utd_mhad\RGB-part4\a26_s5_t2_color.avi,data\utd_mhad\Depth\a26_s5_t2_depth.mat
5,26,3,25,data\utd_mhad\RGB-part4\a26_s5_t3_color.avi,data\utd_mhad\Depth\a26_s5_t3_depth.mat
5,26,4,25,data\utd_mhad\RGB-part4\a26_s5_t4_color.avi,data\utd_mhad\Depth\a26_s5_t4_depth.mat
6,26,1,25,data\utd_mhad\RGB-part4\a26_s6_t1_color.avi,data\utd_mhad\Depth\a26_s6_t1_depth.mat
6,26,2,25,data\utd_mhad\RGB-part4\a26_s6_t2_color.avi,data\utd_mhad\Depth\a26_s6_t2_depth.mat
6,26,3,25,data\utd_mhad\RGB-part4\a26_s6_t3_color.avi,data\utd_mhad\Depth\a26_s6_t3_depth.mat
6,26,4,25,data\utd_mhad\RGB-part4\a26_s6_t4_color.avi,data\utd_mhad\Depth\a26_s6_t4_depth.mat
7,26,1,25,data\utd_mhad\RGB-part4\a26_s7_t1_color.avi,data\utd_mhad\Depth\a26_s7_t1_depth.mat
7,26,2,25,data\utd_mhad\RGB-part4\a26_s7_t2_color.avi,data\utd_mhad\Depth\a26_s7_t2_depth.mat
7,26,3,25,data\utd_mhad\RGB-part4\a26_s7_t3_color.avi,data\utd_mhad\Depth\a26_s7_t3_depth.mat
7,26,4,25,data\utd_mhad\RGB-part4\a26_s7_t4_color.avi,data\utd_mhad\Depth\a26_s7_t4_depth.mat
8,26,1,25,data\utd_mhad\RGB-part4\a26_s8_t1_color.avi,data\utd_mhad\Depth\a26_s8_t1_depth.mat
8,26,2,25,data\utd_mhad\RGB-part4\a26_s8_t2_color.avi,data\utd_mhad\Depth\a26_s8_t2_depth.mat
8,26,3,25,data\utd_mhad\RGB-part4\a26_s8_t3_color.avi,data\utd_mhad\Depth\a26_s8_t3_depth.mat
8,26,4,25,data\utd_mhad\RGB-part4\a26_s8_t4_color.avi,data\utd_mhad\Depth\a26_s8_t4_depth.mat
1,27,1,26,data\utd_mhad\RGB-part4\a27_s1_t1_color.avi,data\utd_mhad\Depth\a27_s1_t1_depth.mat
1,27,2,26,data\utd_mhad\RGB-part4\a27_s1_t2_color.avi,data\utd_mhad\Depth\a27_s1_t2_depth.mat
1,27,3,26,data\utd_mhad\RGB-part4\a27_s1_t3_color.avi,data\utd_mhad\Depth\a27_s1_t3_depth.mat
1,27,4,26,data\utd_mhad\RGB-part4\a27_s1_t4_color.avi,data\utd_mhad\Depth\a27_s1_t4_depth.mat
2,27,1,26,data\utd_mhad\RGB-part4\a27_s2_t1_color.avi,data\utd_mhad\Depth\a27_s2_t1_depth.mat
2,27,2,26,data\utd_mhad\RGB-part4\a27_s2_t2_color.avi,data\utd_mhad\Depth\a27_s2_t2_depth.mat
2,27,3,26,data\utd_mhad\RGB-part4\a27_s2_t3_color.avi,data\utd_mhad\Depth\a27_s2_t3_depth.mat
2,27,4,26,data\utd_mhad\RGB-part4\a27_s2_t4_color.avi,data\utd_mhad\Depth\a27_s2_t4_depth.mat
3,27,1,26,data\utd_mhad\RGB-part4\a27_s3_t1_color.avi,data\utd_mhad\Depth\a27_s3_t1_depth.mat
3,27,2,26,data\utd_mhad\RGB-part4\a27_s3_t2_color.avi,data\utd_mhad\Depth\a27_s3_t2_depth.mat
3,27,3,26,data\utd_mhad\RGB-part4\a27_s3_t3_color.avi,data\utd_mhad\Depth\a27_s3_t3_depth.mat
3,27,4,26,data\utd_mhad\RGB-part4\a27_s3_t4_color.avi,data\utd_mhad\Depth\a27_s3_t4_depth.mat
4,27,1,26,data\utd_mhad\RGB-part4\a27_s4_t1_color.avi,data\utd_mhad\Depth\a27_s4_t1_depth.mat
4,27,2,26,data\utd_mhad\RGB-part4\a27_s4_t2_color.avi,data\utd_mhad\Depth\a27_s4_t2_depth.mat
4,27,3,26,data\utd_mhad\RGB-part4\a27_s4_t3_color.avi,data\utd_mhad\Depth\a27_s4_t3_depth.mat
4,27,4,26,data\utd_mhad\RGB-part4\a27_s4_t4_color.avi,data\utd_mhad\Depth\a27_s4_t4_depth.mat
5,27,1,26,data\utd_mhad\RGB-part4\a27_s5_t1_color.avi,data\utd_mhad\Depth\a27_s5_t1_depth.mat
5,27,2,26,data\utd_mhad\RGB-part4\a27_s5_t2_color.avi,data\utd_mhad\Depth\a27_s5_t2_depth.mat
5,27,3,26,data\utd_mhad\RGB-part4\a27_s5_t3_color.avi,data\utd_mhad\Depth\a27_s5_t3_depth.mat
5,27,4,26,data\utd_mhad\RGB-part4\a27_s5_t4_color.avi,data\utd_mhad\Depth\a27_s5_t4_depth.mat
6,27,1,26,data\utd_mhad\RGB-part4\a27_s6_t1_color.avi,data\utd_mhad\Depth\a27_s6_t1_depth.mat
6,27,2,26,data\utd_mhad\RGB-part4\a27_s6_t2_color.avi,data\utd_mhad\Depth\a27_s6_t2_depth.mat
6,27,3,26,data\utd_mhad\RGB-part4\a27_s6_t3_color.avi,data\utd_mhad\Depth\a27_s6_t3_depth.mat
6,27,4,26,data\utd_mhad\RGB-part4\a27_s6_t4_color.avi,data\utd_mhad\Depth\a27_s6_t4_depth.mat
7,27,1,26,data\utd_mhad\RGB-part4\a27_s7_t1_color.avi,data\utd_mhad\Depth\a27_s7_t1_depth.mat
7,27,2,26,data\utd_mhad\RGB-part4\a27_s7_t2_color.avi,data\utd_mhad\Depth\a27_s7_t2_depth.mat
7,27,3,26,data\utd_mhad\RGB-part4\a27_s7_t3_color.avi,data\utd_mhad\Depth\a27_s7_t3_depth.mat
7,27,4,26,data\utd_mhad\RGB-part4\a27_s7_t4_color.avi,data\utd_mhad\Depth\a27_s7_t4_depth.mat
8,27,1,26,data\utd_mhad\RGB-part4\a27_s8_t1_color.avi,data\utd_mhad\Depth\a27_s8_t1_depth.mat
8,27,2,26,data\utd_mhad\RGB-part4\a27_s8_t2_color.avi,data\utd_mhad\Depth\a27_s8_t2_depth.mat
8,27,3,26,data\utd_mhad\RGB-part4\a27_s8_t3_color.avi,data\utd_mhad\Depth\a27_s8_t3_depth.mat
1,2,1,1,data\utd_mhad\RGB-part1\a2_s1_t1_color.avi,data\utd_mhad\Depth\a2_s1_t1_depth.mat
1,2,2,1,data\utd_mhad\RGB-part1\a2_s1_t2_color.avi,data\utd_mhad\Depth\a2_s1_t2_depth.mat
1,2,3,1,data\utd_mhad\RGB-part1\a2_s1_t3_color.avi,data\utd_mhad\Depth\a2_s1_t3_depth.mat
1,2,4,1,data\utd_mhad\RGB-part1\a2_s1_t4_color.avi,data\utd_mhad\Depth\a2_s1_t4_depth.mat
2,2,1,1,data\utd_mhad\RGB-part1\a2_s2_t1_color.avi,data\utd_mhad\Depth\a2_s2_t1_depth.mat
2,2,2,1,data\utd_mhad\RGB-part1\a2_s2_t2_color.avi,data\utd_mhad\Depth\a2_s2_t2_depth.mat
2,2,3,1,data\utd_mhad\RGB-part1\a2_s2_t3_color.avi,data\utd_mhad\Depth\a2_s2_t3_depth.mat
2,2,4,1,data\utd_mhad\RGB-part1\a2_s2_t4_color.avi,data\utd_mhad\Depth\a2_s2_t4_depth.mat
3,2,1,1,data\utd_mhad\RGB-part1\a2_s3_t1_color.avi,data\utd_mhad\Depth\a2_s3_t1_depth.mat
3,2,2,1,data\utd_mhad\RGB-part1\a2_s3_t2_color.avi,data\utd_mhad\Depth\a2_s3_t2_depth.mat
3,2,3,1,data\utd_mhad\RGB-part1\a2_s3_t3_color.avi,data\utd_mhad\Depth\a2_s3_t3_depth.mat
3,2,4,1,data\utd_mhad\RGB-part1\a2_s3_t4_color.avi,data\utd_mhad\Depth\a2_s3_t4_depth.mat
4,2,1,1,data\utd_mhad\RGB-part1\a2_s4_t1_color.avi,data\utd_mhad\Depth\a2_s4_t1_depth.mat
4,2,2,1,data\utd_mhad\RGB-part1\a2_s4_t2_color.avi,data\utd_mhad\Depth\a2_s4_t2_depth.mat
4,2,3,1,data\utd_mhad\RGB-part1\a2_s4_t3_color.avi,data\utd_mhad\Depth\a2_s4_t3_depth.mat
4,2,4,1,data\utd_mhad\RGB-part1\a2_s4_t4_color.avi,data\utd_mhad\Depth\a2_s4_t4_depth.mat
5,2,1,1,data\utd_mhad\RGB-part1\a2_s5_t1_color.avi,data\utd_mhad\Depth\a2_s5_t1_depth.mat
5,2,2,1,data\utd_mhad\RGB-part1\a2_s5_t2_color.avi,data\utd_mhad\Depth\a2_s5_t2_depth.mat
5,2,3,1,data\utd_mhad\RGB-part1\a2_s5_t3_color.avi,data\utd_mhad\Depth\a2_s5_t3_depth.mat
5,2,4,1,data\utd_mhad\RGB-part1\a2_s5_t4_color.avi,data\utd_mhad\Depth\a2_s5_t4_depth.mat
6,2,1,1,data\utd_mhad\RGB-part1\a2_s6_t1_color.avi,data\utd_mhad\Depth\a2_s6_t1_depth.mat
6,2,2,1,data\utd_mhad\RGB-part1\a2_s6_t2_color.avi,data\utd_mhad\Depth\a2_s6_t2_depth.mat
6,2,3,1,data\utd_mhad\RGB-part1\a2_s6_t3_color.avi,data\utd_mhad\Depth\a2_s6_t3_depth.mat
6,2,4,1,data\utd_mhad\RGB-part1\a2_s6_t4_color.avi,data\utd_mhad\Depth\a2_s6_t4_depth.mat
7,2,1,1,data\utd_mhad\RGB-part1\a2_s7_t1_color.avi,data\utd_mhad\Depth\a2_s7_t1_depth.mat
7,2,2,1,data\utd_mhad\RGB-part1\a2_s7_t2_color.avi,data\utd_mhad\Depth\a2_s7_t2_depth.mat
7,2,3,1,data\utd_mhad\RGB-part1\a2_s7_t3_color.avi,data\utd_mhad\Depth\a2_s7_t3_depth.mat
7,2,4,1,data\utd_mhad\RGB-part1\a2_s7_t4_color.avi,data\utd_mhad\Depth\a2_s7_t4_depth.mat
8,2,1,1,data\utd_mhad\RGB-part1\a2_s8_t1_color.avi,data\utd_mhad\Depth\a2_s8_t1_depth.mat
8,2,2,1,data\utd_mhad\RGB-part1\a2_s8_t2_color.avi,data\utd_mhad\Depth\a2_s8_t2_depth.mat
8,2,3,1,data\utd_mhad\RGB-part1\a2_s8_t3_color.avi,data\utd_mhad\Depth\a2_s8_t3_depth.mat
8,2,4,1,data\utd_mhad\RGB-part1\a2_s8_t4_color.avi,data\utd_mhad\Depth\a2_s8_t4_depth.mat
1,3,1,2,data\utd_mhad\RGB-part1\a3_s1_t1_color.avi,data\utd_mhad\Depth\a3_s1_t1_depth.mat
1,3,2,2,data\utd_mhad\RGB-part1\a3_s1_t2_color.avi,data\utd_mhad\Depth\a3_s1_t2_depth.mat
1,3,3,2,data\utd_mhad\RGB-part1\a3_s1_t3_color.avi,data\utd_mhad\Depth\a3_s1_t3_depth.mat
1,3,4,2,data\utd_mhad\RGB-part1\a3_s1_t4_color.avi,data\utd_mhad\Depth\a3_s1_t4_depth.mat
2,3,1,2,data\utd_mhad\RGB-part1\a3_s2_t1_color.avi,data\utd_mhad\Depth\a3_s2_t1_depth.mat
2,3,2,2,data\utd_mhad\RGB-part1\a3_s2_t2_color.avi,data\utd_mhad\Depth\a3_s2_t2_depth.mat
2,3,3,2,data\utd_mhad\RGB-part1\a3_s2_t3_color.avi,data\utd_mhad\Depth\a3_s2_t3_depth.mat
2,3,4,2,data\utd_mhad\RGB-part1\a3_s2_t4_color.avi,data\utd_mhad\Depth\a3_s2_t4_depth.mat
3,3,1,2,data\utd_mhad\RGB-part1\a3_s3_t1_color.avi,data\utd_mhad\Depth\a3_s3_t1_depth.mat
3,3,2,2,data\utd_mhad\RGB-part1\a3_s3_t2_color.avi,data\utd_mhad\Depth\a3_s3_t2_depth.mat
3,3,3,2,data\utd_mhad\RGB-part1\a3_s3_t3_color.avi,data\utd_mhad\Depth\a3_s3_t3_depth.mat
3,3,4,2,data\utd_mhad\RGB-part1\a3_s3_t4_color.avi,data\utd_mhad\Depth\a3_s3_t4_depth.mat
4,3,1,2,data\utd_mhad\RGB-part1\a3_s4_t1_color.avi,data\utd_mhad\Depth\a3_s4_t1_depth.mat
4,3,2,2,data\utd_mhad\RGB-part1\a3_s4_t2_color.avi,data\utd_mhad\Depth\a3_s4_t2_depth.mat
4,3,3,2,data\utd_mhad\RGB-part1\a3_s4_t3_color.avi,data\utd_mhad\Depth\a3_s4_t3_depth.mat
4,3,4,2,data\utd_mhad\RGB-part1\a3_s4_t4_color.avi,data\utd_mhad\Depth\a3_s4_t4_depth.mat
5,3,1,2,data\utd_mhad\RGB-part1\a3_s5_t1_color.avi,data\utd_mhad\Depth\a3_s5_t1_depth.mat
5,3,2,2,data\utd_mhad\RGB-part1\a3_s5_t2_color.avi,data\utd_mhad\Depth\a3_s5_t2_depth.mat
5,3,3,2,data\utd_mhad\RGB-part1\a3_s5_t3_color.avi,data\utd_mhad\Depth\a3_s5_t3_depth.mat
5,3,4,2,data\utd_mhad\RGB-part1\a3_s5_t4_color.avi,data\utd_mhad\Depth\a3_s5_t4_depth.mat
6,3,1,2,data\utd_mhad\RGB-part1\a3_s6_t1_color.avi,data\utd_mhad\Depth\a3_s6_t1_depth.mat
6,3,2,2,data\utd_mhad\RGB-part1\a3_s6_t2_color.avi,data\utd_mhad\Depth\a3_s6_t2_depth.mat
6,3,3,2,data\utd_mhad\RGB-part1\a3_s6_t3_color.avi,data\utd_mhad\Depth\a3_s6_t3_depth.mat
6,3,4,2,data\utd_mhad\RGB-part1\a3_s6_t4_color.avi,data\utd_mhad\Depth\a3_s6_t4_depth.mat
7,3,1,2,data\utd_mhad\RGB-part1\a3_s7_t1_color.avi,data\utd_mhad\Depth\a3_s7_t1_depth.mat
7,3,2,2,data\utd_mhad\RGB-part1\a3_s7_t2_color.avi,data\utd_mhad\Depth\a3_s7_t2_depth.mat
7,3,3,2,data\utd_mhad\RGB-part1\a3_s7_t3_color.avi,data\utd_mhad\Depth\a3_s7_t3_depth.mat
7,3,4,2,data\utd_mhad\RGB-part1\a3_s7_t4_color.avi,data\utd_mhad\Depth\a3_s7_t4_depth.mat
8,3,1,2,data\utd_mhad\RGB-part1\a3_s8_t1_color.avi,data\utd_mhad\Depth\a3_s8_t1_depth.mat
8,3,2,2,data\utd_mhad\RGB-part1\a3_s8_t2_color.avi,data\utd_mhad\Depth\a3_s8_t2_depth.mat
8,3,3,2,data\utd_mhad\RGB-part1\a3_s8_t3_color.avi,data\utd_mhad\Depth\a3_s8_t3_depth.mat
8,3,4,2,data\utd_mhad\RGB-part1\a3_s8_t4_color.avi,data\utd_mhad\Depth\a3_s8_t4_depth.mat
1,4,1,3,data\utd_mhad\RGB-part1\a4_s1_t1_color.avi,data\utd_mhad\Depth\a4_s1_t1_depth.mat
1,4,2,3,data\utd_mhad\RGB-part1\a4_s1_t2_color.avi,data\utd_mhad\Depth\a4_s1_t2_depth.mat
1,4,3,3,data\utd_mhad\RGB-part1\a4_s1_t3_color.avi,data\utd_mhad\Depth\a4_s1_t3_depth.mat
1,4,4,3,data\utd_mhad\RGB-part1\a4_s1_t4_color.avi,data\utd_mhad\Depth\a4_s1_t4_depth.mat
2,4,1,3,data\utd_mhad\RGB-part1\a4_s2_t1_color.avi,data\utd_mhad\Depth\a4_s2_t1_depth.mat
2,4,2,3,data\utd_mhad\RGB-part1\a4_s2_t2_color.avi,data\utd_mhad\Depth\a4_s2_t2_depth.mat
2,4,3,3,data\utd_mhad\RGB-part1\a4_s2_t3_color.avi,data\utd_mhad\Depth\a4_s2_t3_depth.mat
2,4,4,3,data\utd_mhad\RGB-part1\a4_s2_t4_color.avi,data\utd_mhad\Depth\a4_s2_t4_depth.mat
3,4,1,3,data\utd_mhad\RGB-part1\a4_s3_t1_color.avi,data\utd_mhad\Depth\a4_s3_t1_depth.mat
3,4,2,3,data\utd_mhad\RGB-part1\a4_s3_t2_color.avi,data\utd_mhad\Depth\a4_s3_t2_depth.mat
3,4,3,3,data\utd_mhad\RGB-part1\a4_s3_t3_color.avi,data\utd_mhad\Depth\a4_s3_t3_depth.mat
3,4,4,3,data\utd_mhad\RGB-part1\a4_s3_t4_color.avi,data\utd_mhad\Depth\a4_s3_t4_depth.mat
4,4,1,3,data\utd_mhad\RGB-part1\a4_s4_t1_color.avi,data\utd_mhad\Depth\a4_s4_t1_depth.mat
4,4,2,3,data\utd_mhad\RGB-part1\a4_s4_t2_color.avi,data\utd_mhad\Depth\a4_s4_t2_depth.mat
4,4,3,3,data\utd_mhad\RGB-part1\a4_s4_t3_color.avi,data\utd_mhad\Depth\a4_s4_t3_depth.mat
4,4,4,3,data\utd_mhad\RGB-part1\a4_s4_t4_color.avi,data\utd_mhad\Depth\a4_s4_t4_depth.mat
5,4,1,3,data\utd_mhad\RGB-part1\a4_s5_t1_color.avi,data\utd_mhad\Depth\a4_s5_t1_depth.mat
5,4,2,3,data\utd_mhad\RGB-part1\a4_s5_t2_color.avi,data\utd_mhad\Depth\a4_s5_t2_depth.mat
5,4,3,3,data\utd_mhad\RGB-part1\a4_s5_t3_color.avi,data\utd_mhad\Depth\a4_s5_t3_depth.mat
5,4,4,3,data\utd_mhad\RGB-part1\a4_s5_t4_color.avi,data\utd_mhad\Depth\a4_s5_t4_depth.mat
6,4,1,3,data\utd_mhad\RGB-part1\a4_s6_t1_color.avi,data\utd_mhad\Depth\a4_s6_t1_depth.mat
6,4,2,3,data\utd_mhad\RGB-part1\a4_s6_t2_color.avi,data\utd_mhad\Depth\a4_s6_t2_depth.mat
6,4,3,3,data\utd_mhad\RGB-part1\a4_s6_t3_color.avi,data\utd_mhad\Depth\a4_s6_t3_depth.mat
6,4,4,3,data\utd_mhad\RGB-part1\a4_s6_t4_color.avi,data\utd_mhad\Depth\a4_s6_t4_depth.mat
7,4,1,3,data\utd_mhad\RGB-part1\a4_s7_t1_color.avi,data\utd_mhad\Depth\a4_s7_t1_depth.mat
7,4,2,3,data\utd_mhad\RGB-part1\a4_s7_t2_color.avi,data\utd_mhad\Depth\a4_s7_t2_depth.mat
7,4,3,3,data\utd_mhad\RGB-part1\a4_s7_t3_color.avi,data\utd_mhad\Depth\a4_s7_t3_depth.mat
7,4,4,3,data\utd_mhad\RGB-part1\a4_s7_t4_color.avi,data\utd_mhad\Depth\a4_s7_t4_depth.mat
8,4,1,3,data\utd_mhad\RGB-part1\a4_s8_t1_color.avi,data\utd_mhad\Depth\a4_s8_t1_depth.mat
8,4,2,3,data\utd_mhad\RGB-part1\a4_s8_t2_color.avi,data\utd_mhad\Depth\a4_s8_t2_depth.mat
8,4,3,3,data\utd_mhad\RGB-part1\a4_s8_t3_color.avi,data\utd_mhad\Depth\a4_s8_t3_depth.mat
8,4,4,3,data\utd_mhad\RGB-part1\a4_s8_t4_color.avi,data\utd_mhad\Depth\a4_s8_t4_depth.mat
1,5,1,4,data\utd_mhad\RGB-part1\a5_s1_t1_color.avi,data\utd_mhad\Depth\a5_s1_t1_depth.mat
1,5,2,4,data\utd_mhad\RGB-part1\a5_s1_t2_color.avi,data\utd_mhad\Depth\a5_s1_t2_depth.mat
1,5,3,4,data\utd_mhad\RGB-part1\a5_s1_t3_color.avi,data\utd_mhad\Depth\a5_s1_t3_depth.mat
1,5,4,4,data\utd_mhad\RGB-part1\a5_s1_t4_color.avi,data\utd_mhad\Depth\a5_s1_t4_depth.mat
2,5,1,4,data\utd_mhad\RGB-part1\a5_s2_t1_color.avi,data\utd_mhad\Depth\a5_s2_t1_depth.mat
2,5,2,4,data\utd_mhad\RGB-part1\a5_s2_t2_color.avi,data\utd_mhad\Depth\a5_s2_t2_depth.mat
2,5,3,4,data\utd_mhad\RGB-part1\a5_s2_t3_color.avi,data\utd_mhad\Depth\a5_s2_t3_depth.mat
2,5,4,4,data\utd_mhad\RGB-part1\a5_s2_t4_color.avi,data\utd_mhad\Depth\a5_s2_t4_depth.mat
3,5,1,4,data\utd_mhad\RGB-part1\a5_s3_t1_color.avi,data\utd_mhad\Depth\a5_s3_t1_depth.mat
3,5,2,4,data\utd_mhad\RGB-part1\a5_s3_t2_color.avi,data\utd_mhad\Depth\a5_s3_t2_depth.mat
3,5,3,4,data\utd_mhad\RGB-part1\a5_s3_t3_color.avi,data\utd_mhad\Depth\a5_s3_t3_depth.mat
3,5,4,4,data\utd_mhad\RGB-part1\a5_s3_t4_color.avi,data\utd_mhad\Depth\a5_s3_t4_depth.mat
4,5,1,4,data\utd_mhad\RGB-part1\a5_s4_t1_color.avi,data\utd_mhad\Depth\a5_s4_t1_depth.mat
4,5,2,4,data\utd_mhad\RGB-part1\a5_s4_t2_color.avi,data\utd_mhad\Depth\a5_s4_t2_depth.mat
4,5,3,4,data\utd_mhad\RGB-part1\a5_s4_t3_color.avi,data\utd_mhad\Depth\a5_s4_t3_depth.mat
4,5,4,4,data\utd_mhad\RGB-part1\a5_s4_t4_color.avi,data\utd_mhad\Depth\a5_s4_t4_depth.mat
5,5,1,4,data\utd_mhad\RGB-part1\a5_s5_t1_color.avi,data\utd_mhad\Depth\a5_s5_t1_depth.mat
5,5,2,4,data\utd_mhad\RGB-part1\a5_s5_t2_color.avi,data\utd_mhad\Depth\a5_s5_t2_depth.mat
5,5,3,4,data\utd_mhad\RGB-part1\a5_s5_t3_color.avi,data\utd_mhad\Depth\a5_s5_t3_depth.mat
5,5,4,4,data\utd_mhad\RGB-part1\a5_s5_t4_color.avi,data\utd_mhad\Depth\a5_s5_t4_depth.mat
6,5,1,4,data\utd_mhad\RGB-part1\a5_s6_t1_color.avi,data\utd_mhad\Depth\a5_s6_t1_depth.mat
6,5,2,4,data\utd_mhad\RGB-part1\a5_s6_t2_color.avi,data\utd_mhad\Depth\a5_s6_t2_depth.mat
6,5,3,4,data\utd_mhad\RGB-part1\a5_s6_t3_color.avi,data\utd_mhad\Depth\a5_s6_t3_depth.mat
6,5,4,4,data\utd_mhad\RGB-part1\a5_s6_t4_color.avi,data\utd_mhad\Depth\a5_s6_t4_depth.mat
7,5,1,4,data\utd_mhad\RGB-part1\a5_s7_t1_color.avi,data\utd_mhad\Depth\a5_s7_t1_depth.mat
7,5,2,4,data\utd_mhad\RGB-part1\a5_s7_t2_color.avi,data\utd_mhad\Depth\a5_s7_t2_depth.mat
7,5,3,4,data\utd_mhad\RGB-part1\a5_s7_t3_color.avi,data\utd_mhad\Depth\a5_s7_t3_depth.mat
7,5,4,4,data\utd_mhad\RGB-part1\a5_s7_t4_color.avi,data\utd_mhad\Depth\a5_s7_t4_depth.mat
8,5,1,4,data\utd_mhad\RGB-part1\a5_s8_t1_color.avi,data\utd_mhad\Depth\a5_s8_t1_depth.mat
8,5,2,4,data\utd_mhad\RGB-part1\a5_s8_t2_color.avi,data\utd_mhad\Depth\a5_s8_t2_depth.mat
8,5,3,4,data\utd_mhad\RGB-part1\a5_s8_t3_color.avi,data\utd_mhad\Depth\a5_s8_t3_depth.mat
8,5,4,4,data\utd_mhad\RGB-part1\a5_s8_t4_color.avi,data\utd_mhad\Depth\a5_s8_t4_depth.mat
1,6,1,5,data\utd_mhad\RGB-part2\a6_s1_t1_color.avi,data\utd_mhad\Depth\a6_s1_t1_depth.mat
1,6,2,5,data\utd_mhad\RGB-part2\a6_s1_t2_color.avi,data\utd_mhad\Depth\a6_s1_t2_depth.mat
1,6,3,5,data\utd_mhad\RGB-part2\a6_s1_t3_color.avi,data\utd_mhad\Depth\a6_s1_t3_depth.mat
1,6,4,5,data\utd_mhad\RGB-part2\a6_s1_t4_color.avi,data\utd_mhad\Depth\a6_s1_t4_depth.mat
2,6,1,5,data\utd_mhad\RGB-part2\a6_s2_t1_color.avi,data\utd_mhad\Depth\a6_s2_t1_depth.mat
2,6,2,5,data\utd_mhad\RGB-part2\a6_s2_t2_color.avi,data\utd_mhad\Depth\a6_s2_t2_depth.mat
2,6,3,5,data\utd_mhad\RGB-part2\a6_s2_t3_color.avi,data\utd_mhad\Depth\a6_s2_t3_depth.mat
2,6,4,5,data\utd_mhad\RGB-part2\a6_s2_t4_color.avi,data\utd_mhad\Depth\a6_s2_t4_depth.mat
3,6,1,5,data\utd_mhad\RGB-part2\a6_s3_t1_color.avi,data\utd_mhad\Depth\a6_s3_t1_depth.mat
3,6,2,5,data\utd_mhad\RGB-part2\a6_s3_t2_color.avi,data\utd_mhad\Depth\a6_s3_t2_depth.mat
3,6,3,5,data\utd_mhad\RGB-part2\a6_s3_t3_color.avi,data\utd_mhad\Depth\a6_s3_t3_depth.mat
3,6,4,5,data\utd_mhad\RGB-part2\a6_s3_t4_color.avi,data\utd_mhad\Depth\a6_s3_t4_depth.mat
4,6,1,5,data\utd_mhad\RGB-part2\a6_s4_t1_color.avi,data\utd_mhad\Depth\a6_s4_t1_depth.mat
4,6,2,5,data\utd_mhad\RGB-part2\a6_s4_t2_color.avi,data\utd_mhad\Depth\a6_s4_t2_depth.mat
4,6,3,5,data\utd_mhad\RGB-part2\a6_s4_t3_color.avi,data\utd_mhad\Depth\a6_s4_t3_depth.mat
4,6,4,5,data\utd_mhad\RGB-part2\a6_s4_t4_color.avi,data\utd_mhad\Depth\a6_s4_t4_depth.mat
5,6,1,5,data\utd_mhad\RGB-part2\a6_s5_t1_color.avi,data\utd_mhad\Depth\a6_s5_t1_depth.mat
5,6,2,5,data\utd_mhad\RGB-part2\a6_s5_t2_color.avi,data\utd_mhad\Depth\a6_s5_t2_depth.mat
5,6,3,5,data\utd_mhad\RGB-part2\a6_s5_t3_color.avi,data\utd_mhad\Depth\a6_s5_t3_depth.mat
5,6,4,5,data\utd_mhad\RGB-part2\a6_s5_t4_color.avi,data\utd_mhad\Depth\a6_s5_t4_depth.mat
6,6,1,5,data\utd_mhad\RGB-part2\a6_s6_t1_color.avi,data\utd_mhad\Depth\a6_s6_t1_depth.mat
6,6,2,5,data\utd_mhad\RGB-part2\a6_s6_t2_color.avi,data\utd_mhad\Depth\a6_s6_t2_depth.mat
6,6,3,5,data\utd_mhad\RGB-part2\a6_s6_t3_color.avi,data\utd_mhad\Depth\a6_s6_t3_depth.mat
6,6,4,5,data\utd_mhad\RGB-part2\a6_s6_t4_color.avi,data\utd_mhad\Depth\a6_s6_t4_depth.mat
7,6,1,5,data\utd_mhad\RGB-part2\a6_s7_t1_color.avi,data\utd_mhad\Depth\a6_s7_t1_depth.mat
7,6,2,5,data\utd_mhad\RGB-part2\a6_s7_t2_color.avi,data\utd_mhad\Depth\a6_s7_t2_depth.mat
7,6,3,5,data\utd_mhad\RGB-part2\a6_s7_t3_color.avi,data\utd_mhad\Depth\a6_s7_t3_depth.mat
7,6,4,5,data\utd_mhad\RGB-part2\a6_s7_t4_color.avi,data\utd_mhad\Depth\a6_s7_t4_depth.mat
8,6,1,5,data\utd_mhad\RGB-part2\a6_s8_t1_color.avi,data\utd_mhad\Depth\a6_s8_t1_depth.mat
8,6,2,5,data\utd_mhad\RGB-part2\a6_s8_t2_color.avi,data\utd_mhad\Depth\a6_s8_t2_depth.mat
8,6,3,5,data\utd_mhad\RGB-part2\a6_s8_t3_color.avi,data\utd_mhad\Depth\a6_s8_t3_depth.mat
8,6,4,5,data\utd_mhad\RGB-part2\a6_s8_t4_color.avi,data\utd_mhad\Depth\a6_s8_t4_depth.mat
1,7,1,6,data\utd_mhad\RGB-part2\a7_s1_t1_color.avi,data\utd_mhad\Depth\a7_s1_t1_depth.mat
1,7,2,6,data\utd_mhad\RGB-part2\a7_s1_t2_color.avi,data\utd_mhad\Depth\a7_s1_t2_depth.mat
1,7,3,6,data\utd_mhad\RGB-part2\a7_s1_t3_color.avi,data\utd_mhad\Depth\a7_s1_t3_depth.mat
1,7,4,6,data\utd_mhad\RGB-part2\a7_s1_t4_color.avi,data\utd_mhad\Depth\a7_s1_t4_depth.mat
2,7,1,6,data\utd_mhad\RGB-part2\a7_s2_t1_color.avi,data\utd_mhad\Depth\a7_s2_t1_depth.mat
2,7,2,6,data\utd_mhad\RGB-part2\a7_s2_t2_color.avi,data\utd_mhad\Depth\a7_s2_t2_depth.mat
2,7,3,6,data\utd_mhad\RGB-part2\a7_s2_t3_color.avi,data\utd_mhad\Depth\a7_s2_t3_depth.mat
2,7,4,6,data\utd_mhad\RGB-part2\a7_s2_t4_color.avi,data\utd_mhad\Depth\a7_s2_t4_depth.mat
3,7,1,6,data\utd_mhad\RGB-part2\a7_s3_t1_color.avi,data\utd_mhad\Depth\a7_s3_t1_depth.mat
3,7,2,6,data\utd_mhad\RGB-part2\a7_s3_t2_color.avi,data\utd_mhad\Depth\a7_s3_t2_depth.mat
3,7,3,6,data\utd_mhad\RGB-part2\a7_s3_t3_color.avi,data\utd_mhad\Depth\a7_s3_t3_depth.mat
3,7,4,6,data\utd_mhad\RGB-part2\a7_s3_t4_color.avi,data\utd_mhad\Depth\a7_s3_t4_depth.mat
4,7,1,6,data\utd_mhad\RGB-part2\a7_s4_t1_color.avi,data\utd_mhad\Depth\a7_s4_t1_depth.mat
4,7,2,6,data\utd_mhad\RGB-part2\a7_s4_t2_color.avi,data\utd_mhad\Depth\a7_s4_t2_depth.mat
4,7,3,6,data\utd_mhad\RGB-part2\a7_s4_t3_color.avi,data\utd_mhad\Depth\a7_s4_t3_depth.mat
4,7,4,6,data\utd_mhad\RGB-part2\a7_s4_t4_color.avi,data\utd_mhad\Depth\a7_s4_t4_depth.mat
5,7,1,6,data\utd_mhad\RGB-part2\a7_s5_t1_color.avi,data\utd_mhad\Depth\a7_s5_t1_depth.mat
5,7,2,6,data\utd_mhad\RGB-part2\a7_s5_t2_color.avi,data\utd_mhad\Depth\a7_s5_t2_depth.mat
5,7,3,6,data\utd_mhad\RGB-part2\a7_s5_t3_color.avi,data\utd_mhad\Depth\a7_s5_t3_depth.mat
5,7,4,6,data\utd_mhad\RGB-part2\a7_s5_t4_color.avi,data\utd_mhad\Depth\a7_s5_t4_depth.mat
6,7,1,6,data\utd_mhad\RGB-part2\a7_s6_t1_color.avi,data\utd_mhad\Depth\a7_s6_t1_depth.mat
6,7,2,6,data\utd_mhad\RGB-part2\a7_s6_t2_color.avi,data\utd_mhad\Depth\a7_s6_t2_depth.mat
6,7,3,6,data\utd_mhad\RGB-part2\a7_s6_t3_color.avi,data\utd_mhad\Depth\a7_s6_t3_depth.mat
6,7,4,6,data\utd_mhad\RGB-part2\a7_s6_t4_color.avi,data\utd_mhad\Depth\a7_s6_t4_depth.mat
7,7,1,6,data\utd_mhad\RGB-part2\a7_s7_t1_color.avi,data\utd_mhad\Depth\a7_s7_t1_depth.mat
7,7,2,6,data\utd_mhad\RGB-part2\a7_s7_t2_color.avi,data\utd_mhad\Depth\a7_s7_t2_depth.mat
7,7,3,6,data\utd_mhad\RGB-part2\a7_s7_t3_color.avi,data\utd_mhad\Depth\a7_s7_t3_depth.mat
7,7,4,6,data\utd_mhad\RGB-part2\a7_s7_t4_color.avi,data\utd_mhad\Depth\a7_s7_t4_depth.mat
8,7,1,6,data\utd_mhad\RGB-part2\a7_s8_t1_color.avi,data\utd_mhad\Depth\a7_s8_t1_depth.mat
8,7,2,6,data\utd_mhad\RGB-part2\a7_s8_t2_color.avi,data\utd_mhad\Depth\a7_s8_t2_depth.mat
8,7,3,6,data\utd_mhad\RGB-part2\a7_s8_t3_color.avi,data\utd_mhad\Depth\a7_s8_t3_depth.mat
8,7,4,6,data\utd_mhad\RGB-part2\a7_s8_t4_color.avi,data\utd_mhad\Depth\a7_s8_t4_depth.mat
1,8,1,7,data\utd_mhad\RGB-part2\a8_s1_t1_color.avi,data\utd_mhad\Depth\a8_s1_t1_depth.mat
1,8,2,7,data\utd_mhad\RGB-part2\a8_s1_t2_color.avi,data\utd_mhad\Depth\a8_s1_t2_depth.mat
1,8,3,7,data\utd_mhad\RGB-part2\a8_s1_t3_color.avi,data\utd_mhad\Depth\a8_s1_t3_depth.mat
2,8,1,7,data\utd_mhad\RGB-part2\a8_s2_t1_color.avi,data\utd_mhad\Depth\a8_s2_t1_depth.mat
2,8,2,7,data\utd_mhad\RGB-part2\a8_s2_t2_color.avi,data\utd_mhad\Depth\a8_s2_t2_depth.mat
2,8,3,7,data\utd_mhad\RGB-part2\a8_s2_t3_color.avi,data\utd_mhad\Depth\a8_s2_t3_depth.mat
2,8,4,7,data\utd_mhad\RGB-part2\a8_s2_t4_color.avi,data\utd_mhad\Depth\a8_s2_t4_depth.mat
3,8,1,7,data\utd_mhad\RGB-part2\a8_s3_t1_color.avi,data\utd_mhad\Depth\a8_s3_t1_depth.mat
3,8,2,7,data\utd_mhad\RGB-part2\a8_s3_t2_color.avi,data\utd_mhad\Depth\a8_s3_t2_depth.mat
3,8,3,7,data\utd_mhad\RGB-part2\a8_s3_t3_color.avi,data\utd_mhad\Depth\a8_s3_t3_depth.mat
3,8,4,7,data\utd_mhad\RGB-part2\a8_s3_t4_color.avi,data\utd_mhad\Depth\a8_s3_t4_depth.mat
4,8,1,7,data\utd_mhad\RGB-part2\a8_s4_t1_color.avi,data\utd_mhad\Depth\a8_s4_t1_depth.mat
4,8,2,7,data\utd_mhad\RGB-part2\a8_s4_t2_color.avi,data\utd_mhad\Depth\a8_s4_t2_depth.mat
4,8,3,7,data\utd_mhad\RGB-part2\a8_s4_t3_color.avi,data\utd_mhad\Depth\a8_s4_t3_depth.mat
4,8,4,7,data\utd_mhad\RGB-part2\a8_s4_t4_color.avi,data\utd_mhad\Depth\a8_s4_t4_depth.mat
5,8,1,7,data\utd_mhad\RGB-part2\a8_s5_t1_color.avi,data\utd_mhad\Depth\a8_s5_t1_depth.mat
5,8,2,7,data\utd_mhad\RGB-part2\a8_s5_t2_color.avi,data\utd_mhad\Depth\a8_s5_t2_depth.mat
5,8,3,7,data\utd_mhad\RGB-part2\a8_s5_t3_color.avi,data\utd_mhad\Depth\a8_s5_t3_depth.mat
5,8,4,7,data\utd_mhad\RGB-part2\a8_s5_t4_color.avi,data\utd_mhad\Depth\a8_s5_t4_depth.mat
6,8,1,7,data\utd_mhad\RGB-part2\a8_s6_t1_color.avi,data\utd_mhad\Depth\a8_s6_t1_depth.mat
6,8,2,7,data\utd_mhad\RGB-part2\a8_s6_t2_color.avi,data\utd_mhad\Depth\a8_s6_t2_depth.mat
6,8,3,7,data\utd_mhad\RGB-part2\a8_s6_t3_color.avi,data\utd_mhad\Depth\a8_s6_t3_depth.mat
6,8,4,7,data\utd_mhad\RGB-part2\a8_s6_t4_color.avi,data\utd_mhad\Depth\a8_s6_t4_depth.mat
7,8,1,7,data\utd_mhad\RGB-part2\a8_s7_t1_color.avi,data\utd_mhad\Depth\a8_s7_t1_depth.mat
7,8,2,7,data\utd_mhad\RGB-part2\a8_s7_t2_color.avi,data\utd_mhad\Depth\a8_s7_t2_depth.mat
7,8,3,7,data\utd_mhad\RGB-part2\a8_s7_t3_color.avi,data\utd_mhad\Depth\a8_s7_t3_depth.mat
7,8,4,7,data\utd_mhad\RGB-part2\a8_s7_t4_color.avi,data\utd_mhad\Depth\a8_s7_t4_depth.mat
8,8,1,7,data\utd_mhad\RGB-part2\a8_s8_t1_color.avi,data\utd_mhad\Depth\a8_s8_t1_depth.mat
8,8,2,7,data\utd_mhad\RGB-part2\a8_s8_t2_color.avi,data\utd_mhad\Depth\a8_s8_t2_depth.mat
8,8,3,7,data\utd_mhad\RGB-part2\a8_s8_t3_color.avi,data\utd_mhad\Depth\a8_s8_t3_depth.mat
8,8,4,7,data\utd_mhad\RGB-part2\a8_s8_t4_color.avi,data\utd_mhad\Depth\a8_s8_t4_depth.mat
1,9,1,8,data\utd_mhad\RGB-part2\a9_s1_t1_color.avi,data\utd_mhad\Depth\a9_s1_t1_depth.mat
1,9,2,8,data\utd_mhad\RGB-part2\a9_s1_t2_color.avi,data\utd_mhad\Depth\a9_s1_t2_depth.mat
1,9,3,8,data\utd_mhad\RGB-part2\a9_s1_t3_color.avi,data\utd_mhad\Depth\a9_s1_t3_depth.mat
1,9,4,8,data\utd_mhad\RGB-part2\a9_s1_t4_color.avi,data\utd_mhad\Depth\a9_s1_t4_depth.mat
2,9,1,8,data\utd_mhad\RGB-part2\a9_s2_t1_color.avi,data\utd_mhad\Depth\a9_s2_t1_depth.mat
2,9,2,8,data\utd_mhad\RGB-part2\a9_s2_t2_color.avi,data\utd_mhad\Depth\a9_s2_t2_depth.mat
2,9,3,8,data\utd_mhad\RGB-part2\a9_s2_t3_color.avi,data\utd_mhad\Depth\a9_s2_t3_depth.mat
2,9,4,8,data\utd_mhad\RGB-part2\a9_s2_t4_color.avi,data\utd_mhad\Depth\a9_s2_t4_depth.mat
3,9,1,8,data\utd_mhad\RGB-part2\a9_s3_t1_color.avi,data\utd_mhad\Depth\a9_s3_t1_depth.mat
3,9,2,8,data\utd_mhad\RGB-part2\a9_s3_t2_color.avi,data\utd_mhad\Depth\a9_s3_t2_depth.mat
3,9,3,8,data\utd_mhad\RGB-part2\a9_s3_t3_color.avi,data\utd_mhad\Depth\a9_s3_t3_depth.mat
3,9,4,8,data\utd_mhad\RGB-part2\a9_s3_t4_color.avi,data\utd_mhad\Depth\a9_s3_t4_depth.mat
4,9,1,8,data\utd_mhad\RGB-part2\a9_s4_t1_color.avi,data\utd_mhad\Depth\a9_s4_t1_depth.mat
4,9,2,8,data\utd_mhad\RGB-part2\a9_s4_t2_color.avi,data\utd_mhad\Depth\a9_s4_t2_depth.mat
4,9,3,8,data\utd_mhad\RGB-part2\a9_s4_t3_color.avi,data\utd_mhad\Depth\a9_s4_t3_depth.mat
4,9,4,8,data\utd_mhad\RGB-part2\a9_s4_t4_color.avi,data\utd_mhad\Depth\a9_s4_t4_depth.mat
5,9,1,8,data\utd_mhad\RGB-part2\a9_s5_t1_color.avi,data\utd_mhad\Depth\a9_s5_t1_depth.mat
5,9,2,8,data\utd_mhad\RGB-part2\a9_s5_t2_color.avi,data\utd_mhad\Depth\a9_s5_t2_depth.mat
5,9,3,8,data\utd_mhad\RGB-part2\a9_s5_t3_color.avi,data\utd_mhad\Depth\a9_s5_t3_depth.mat
5,9,4,8,data\utd_mhad\RGB-part2\a9_s5_t4_color.avi,data\utd_mhad\Depth\a9_s5_t4_depth.mat
6,9,1,8,data\utd_mhad\RGB-part2\a9_s6_t1_color.avi,data\utd_mhad\Depth\a9_s6_t1_depth.mat
6,9,2,8,data\utd_mhad\RGB-part2\a9_s6_t2_color.avi,data\utd_mhad\Depth\a9_s6_t2_depth.mat
6,9,3,8,data\utd_mhad\RGB-part2\a9_s6_t3_color.avi,data\utd_mhad\Depth\a9_s6_t3_depth.mat
6,9,4,8,data\utd_mhad\RGB-part2\a9_s6_t4_color.avi,data\utd_mhad\Depth\a9_s6_t4_depth.mat
7,9,1,8,data\utd_mhad\RGB-part2\a9_s7_t1_color.avi,data\utd_mhad\Depth\a9_s7_t1_depth.mat
7,9,2,8,data\utd_mhad\RGB-part2\a9_s7_t2_color.avi,data\utd_mhad\Depth\a9_s7_t2_depth.mat
7,9,3,8,data\utd_mhad\RGB-part2\a9_s7_t3_color.avi,data\utd_mhad\Depth\a9_s7_t3_depth.mat
7,9,4,8,data\utd_mhad\RGB-part2\a9_s7_t4_color.avi,data\utd_mhad\Depth\a9_s7_t4_depth.mat
8,9,1,8,data\utd_mhad\RGB-part2\a9_s8_t1_color.avi,data\utd_mhad\Depth\a9_s8_t1_depth.mat
8,9,2,8,data\utd_mhad\RGB-part2\a9_s8_t2_color.avi,data\utd_mhad\Depth\a9_s8_t2_depth.mat
8,9,3,8,data\utd_mhad\RGB-part2\a9_s8_t3_color.avi,data\utd_mhad\Depth\a9_s8_t3_depth.mat
8,9,4,8,data\utd_mhad\RGB-part2\a9_s8_t4_color.avi,data\utd_mhad\Depth\a9_s8_t4_depth.mat
